title,Title Alternative,creator,publisher,date,Date is Approximate?,Description,Subject,Relation,Contributing Institution,Publisher Digital,Source,Listing Code,Resource Identifier,Website,Format Original,Format Digital,Type,Digitization Specifications,Rights,Standardized Rights,Language,Metadata Cataloger,Metadata Assistants,Scanner Technician,Scanner Assistants,Collection Administrator,Filename,OCLC number,Date created,Date modified,Reference URL,cdmid,CONTENTdm file name,CONTENTdm file path,objectid
Lee Morse Headshot,,S. Peyton,,1925,y,Portrait of Lee Morse,"Morse, Lee, d. 1954",Lee Morse Collection,International Jazz Collections,University of Idaho Library,"MG 019,  Box 06, Folder 002",IJC019,LM.0002,http://contentdm.lib.uidaho.edu/hampton_collection/,Black & white photographs,image/jpg,Image;StillImage,"300 dpi, 24-bit depth, color, Epson Expression 1640 XL Scanner, Epson TWAIN Pro, Adobe Photoshop 7.0, Archival Master file is a TIFF","Educational use includes non-commercial use of text and images in materials for teaching and research purposes. Digital reproduction rights granted by University of Idaho Library. For other uses beyond educational use, please contact University of Idaho Library Special Collections and Archives Department at libspec@uidaho.edu.",http://rightsstatements.org/vocab/InC-EDU/1.0/,eng,Michael Tarabulski,"Kevin Dobbins, Deborah Green",Kevin Dobbins,,Deborah Green and Nathan Bender,,,2008-07-28,2014-10-28,http://digital.lib.uidaho.edu:80/cdm/ref/collection/ijclm/id/15,15,16.jpg,/ijclm/image/16.jpg,ijclm15
Lee Morse Headshot,,S. Peyton,,1925,y,Portrait,"Morse, Lee, d. 1954",Lee Morse Collection,International Jazz Collections,University of Idaho Library,"MG 019,  Box 06, Folder 003",IJC019,LM.0003,http://contentdm.lib.uidaho.edu/hampton_collection/,Black & white photographs,image/jpg,Image;StillImage,"300 dpi, 24-bit depth, color, Epson Expression 1640 XL Scanner, Epson TWAIN Pro, Adobe Photoshop 7.0, Archival Master file is a TIFF","Educational use includes non-commercial use of text and images in materials for teaching and research purposes. Digital reproduction rights granted by University of Idaho Library. For other uses beyond educational use, please contact University of Idaho Library Special Collections and Archives Department at libspec@uidaho.edu.",http://rightsstatements.org/vocab/InC-EDU/1.0/,eng,Michael Tarabulski,"Kevin Dobbins, Deborah Green",Kevin Dobbins,,Deborah Green and Nathan Bender,,,2008-07-28,2014-10-28,http://digital.lib.uidaho.edu:80/cdm/ref/collection/ijclm/id/16,16,17.jpg,/ijclm/image/17.jpg,ijclm16
Lee Morse Headshot,,,Photo and Press Bureau 1562 Broadway N.Y.C.,1925,y,,"Morse, Lee, d. 1954",Lee Morse Collection,International Jazz Collections,University of Idaho Library,"MG 019,  Box 06, Folder 004",IJC019,LM.0004,http://contentdm.lib.uidaho.edu/hampton_collection/,Black & white photographs,image/jpg,Image;StillImage,"300 dpi, 24-bit depth, color, Epson Expression 1640 XL Scanner, Epson TWAIN Pro, Adobe Photoshop 7.0, Archival Master file is a TIFF","Educational use includes non-commercial use of text and images in materials for teaching and research purposes. Digital reproduction rights granted by University of Idaho Library. For other uses beyond educational use, please contact University of Idaho Library Special Collections and Archives Department at libspec@uidaho.edu.",http://rightsstatements.org/vocab/InC-EDU/1.0/,eng,Michael Tarabulski,"Kevin Dobbins, Deborah Green",Kevin Dobbins,,Deborah Green and Nathan Bender,,,2008-07-28,2014-10-28,http://digital.lib.uidaho.edu:80/cdm/ref/collection/ijclm/id/17,17,18.jpg,/ijclm/image/18.jpg,ijclm17
Lee Morse Headshot,,S. Peyton,Strauss-Peyton Studio,1925,y,,"Morse, Lee, d. 1954",Lee Morse Collection,International Jazz Collections,University of Idaho Library,"MG 019,  Box 06, Folder 005",IJC019,LM.0005,http://contentdm.lib.uidaho.edu/hampton_collection/,Black & white photographs,image/jpg,Image;StillImage,"300 dpi, 24-bit depth, color, Epson Expression 1640 XL Scanner, Epson TWAIN Pro, Adobe Photoshop 7.0, Archival Master file is a TIFF","Educational use includes non-commercial use of text and images in materials for teaching and research purposes. Digital reproduction rights granted by University of Idaho Library. For other uses beyond educational use, please contact University of Idaho Library Special Collections and Archives Department at libspec@uidaho.edu.",http://rightsstatements.org/vocab/InC-EDU/1.0/,eng,Michael Tarabulski,"Kevin Dobbins, Deborah Green",Kevin Dobbins,,Deborah Green and Nathan Bender,,,2008-07-28,2014-10-28,http://digital.lib.uidaho.edu:80/cdm/ref/collection/ijclm/id/18,18,19.jpg,/ijclm/image/19.jpg,ijclm18
Lee Morse Headshot,,,,1925,y,,"Morse, Lee, d. 1954",Lee Morse Collection,International Jazz Collections,University of Idaho Library,"MG 019,  Box 06, Folder 006",IJC019,LM.0006,http://contentdm.lib.uidaho.edu/hampton_collection/,Black & white photographs,image/jpg,Image;StillImage,"300 dpi, 24-bit depth, color, Epson Expression 1640 XL Scanner, Epson TWAIN Pro, Adobe Photoshop 7.0, Archival Master file is a TIFF","Educational use includes non-commercial use of text and images in materials for teaching and research purposes. Digital reproduction rights granted by University of Idaho Library. For other uses beyond educational use, please contact University of Idaho Library Special Collections and Archives Department at libspec@uidaho.edu.",http://rightsstatements.org/vocab/InC-EDU/1.0/,eng,Michael Tarabulski,"Kevin Dobbins, Deborah Green",Kevin Dobbins,,Deborah Green and Nathan Bender,,,2008-07-28,2014-10-28,http://digital.lib.uidaho.edu:80/cdm/ref/collection/ijclm/id/19,19,20.jpg,/ijclm/image/20.jpg,ijclm19
Lee Morse Headshot,,,,1925,y,,"Morse, Lee, d. 1954",Lee Morse Collection,International Jazz Collections,University of Idaho Library,"MG 019,  Box 06, Folder 007",IJC019,LM.0007,http://contentdm.lib.uidaho.edu/hampton_collection/,Black & white photographs,image/jpg,Image;StillImage,"300 dpi, 24-bit depth, color, Epson Expression 1640 XL Scanner, Epson TWAIN Pro, Adobe Photoshop 7.0, Archival Master file is a TIFF","Educational use includes non-commercial use of text and images in materials for teaching and research purposes. Digital reproduction rights granted by University of Idaho Library. For other uses beyond educational use, please contact University of Idaho Library Special Collections and Archives Department at libspec@uidaho.edu.",http://rightsstatements.org/vocab/InC-EDU/1.0/,eng,Michael Tarabulski,"Kevin Dobbins, Deborah Green",Kevin Dobbins,,Deborah Green and Nathan Bender,,,2008-07-28,2014-10-28,http://digital.lib.uidaho.edu:80/cdm/ref/collection/ijclm/id/20,20,21.jpg,/ijclm/image/21.jpg,ijclm20
Lee Morse Headshot,,,,1930,y,,"Morse, Lee, d. 1954",Lee Morse Collection,International Jazz Collections,University of Idaho Library,"MG 019,  Box 06, Folder 008",IJC019,LM.0008,http://contentdm.lib.uidaho.edu/hampton_collection/,Black & white photographs,image/jpg,Image;StillImage,"300 dpi, 24-bit depth, color, Epson Expression 1640 XL Scanner, Epson TWAIN Pro, Adobe Photoshop 7.0, Archival Master file is a TIFF","Educational use includes non-commercial use of text and images in materials for teaching and research purposes. Digital reproduction rights granted by University of Idaho Library. For other uses beyond educational use, please contact University of Idaho Library Special Collections and Archives Department at libspec@uidaho.edu.",http://rightsstatements.org/vocab/InC-EDU/1.0/,eng,Michael Tarabulski,"Kevin Dobbins, Deborah Green",Kevin Dobbins,,Deborah Green and Nathan Bender,,,2008-07-28,2014-10-28,http://digital.lib.uidaho.edu:80/cdm/ref/collection/ijclm/id/21,21,22.jpg,/ijclm/image/22.jpg,ijclm21
Lee Morse Headshot,,,,1930,y,,"Morse, Lee, d. 1954",Lee Morse Collection,International Jazz Collections,University of Idaho Library,"MG 019,  Box 06, Folder 009",IJC019,LM.0009,http://contentdm.lib.uidaho.edu/hampton_collection/,Black & white photographs,image/jpg,Image;StillImage,"300 dpi, 24-bit depth, color, Epson Expression 1640 XL Scanner, Epson TWAIN Pro, Adobe Photoshop 7.0, Archival Master file is a TIFF","Educational use includes non-commercial use of text and images in materials for teaching and research purposes. Digital reproduction rights granted by University of Idaho Library. For other uses beyond educational use, please contact University of Idaho Library Special Collections and Archives Department at libspec@uidaho.edu.",http://rightsstatements.org/vocab/InC-EDU/1.0/,eng,Michael Tarabulski,"Kevin Dobbins, Deborah Green",Kevin Dobbins,,Deborah Green and Nathan Bender,,,2008-07-28,2014-10-28,http://digital.lib.uidaho.edu:80/cdm/ref/collection/ijclm/id/22,22,23.jpg,/ijclm/image/23.jpg,ijclm22
Lee Morse Headshot,,,,1930,y,For Ruthie- 'Till death do us part!'  Love Lee.,"Morse, Lee, d. 1954",Lee Morse Collection,International Jazz Collections,University of Idaho Library,"MG 019,  Box 06, Folder 010",IJC019,LM.0010,http://contentdm.lib.uidaho.edu/hampton_collection/,Black & white photographs,image/jpg,Image;StillImage,"300 dpi, 24-bit depth, color, Epson Expression 1640 XL Scanner, Epson TWAIN Pro, Adobe Photoshop 7.0, Archival Master file is a TIFF","Educational use includes non-commercial use of text and images in materials for teaching and research purposes. Digital reproduction rights granted by University of Idaho Library. For other uses beyond educational use, please contact University of Idaho Library Special Collections and Archives Department at libspec@uidaho.edu.",http://rightsstatements.org/vocab/InC-EDU/1.0/,eng,Michael Tarabulski,"Kevin Dobbins, Deborah Green",Kevin Dobbins,,Deborah Green and Nathan Bender,,,2008-07-28,2014-10-28,http://digital.lib.uidaho.edu:80/cdm/ref/collection/ijclm/id/23,23,24.jpg,/ijclm/image/24.jpg,ijclm23
Lee Morse Autographed Headshot,,,,1930,y,"For Bobbie ""I hate to say goodby"" Love from Lee","Morse, Lee, d. 1954",Lee Morse Collection,International Jazz Collections,University of Idaho Library,"MG 019,  Box 06, Folder 011",IJC019,LM.0011,http://contentdm.lib.uidaho.edu/hampton_collection/,Black & white photographs,image/jpg,Image;StillImage,"300 dpi, 24-bit depth, color, Epson Expression 1640 XL Scanner, Epson TWAIN Pro, Adobe Photoshop 7.0, Archival Master file is a TIFF","Educational use includes non-commercial use of text and images in materials for teaching and research purposes. Digital reproduction rights granted by University of Idaho Library. For other uses beyond educational use, please contact University of Idaho Library Special Collections and Archives Department at libspec@uidaho.edu.",http://rightsstatements.org/vocab/InC-EDU/1.0/,eng,Michael Tarabulski,"Kevin Dobbins, Deborah Green",Kevin Dobbins,,Deborah Green and Nathan Bender,,,2008-07-28,2014-10-28,http://digital.lib.uidaho.edu:80/cdm/ref/collection/ijclm/id/24,24,25.jpg,/ijclm/image/25.jpg,ijclm24
Lee Morse Professional Photograph,,,De Mirjian Studios 1591-97 B'Way  N.Y.,1930,y,,"Morse, Lee, d. 1954",Lee Morse Collection,International Jazz Collections,University of Idaho Library,"MG 019,  Box 06, Folder 012",IJC019,LM.0012,http://contentdm.lib.uidaho.edu/hampton_collection/,Black & white photographs,image/jpg,Image;StillImage,"300 dpi, 24-bit depth, color, Epson Expression 1640 XL Scanner, Epson TWAIN Pro, Adobe Photoshop 7.0, Archival Master file is a TIFF","Educational use includes non-commercial use of text and images in materials for teaching and research purposes. Digital reproduction rights granted by University of Idaho Library. For other uses beyond educational use, please contact University of Idaho Library Special Collections and Archives Department at libspec@uidaho.edu.",http://rightsstatements.org/vocab/InC-EDU/1.0/,eng,Michael Tarabulski,"Kevin Dobbins, Deborah Green",Kevin Dobbins,,Deborah Green and Nathan Bender,,,2008-07-28,2014-10-28,http://digital.lib.uidaho.edu:80/cdm/ref/collection/ijclm/id/25,25,26.jpg,/ijclm/image/26.jpg,ijclm25
Lee Morse Headshot,,S. Peyton,,1930,y,,"Morse, Lee, d. 1954",Lee Morse Collection,International Jazz Collections,University of Idaho Library,"MG 019,  Box 06, Folder 013",IJC019,LM.0013,http://contentdm.lib.uidaho.edu/hampton_collection/,Black & white photographs,image/jpg,Image;StillImage,"300 dpi, 24-bit depth, color, Epson Expression 1640 XL Scanner, Epson TWAIN Pro, Adobe Photoshop 7.0, Archival Master file is a TIFF","Educational use includes non-commercial use of text and images in materials for teaching and research purposes. Digital reproduction rights granted by University of Idaho Library. For other uses beyond educational use, please contact University of Idaho Library Special Collections and Archives Department at libspec@uidaho.edu.",http://rightsstatements.org/vocab/InC-EDU/1.0/,eng,Michael Tarabulski,"Kevin Dobbins, Deborah Green",Kevin Dobbins,,Deborah Green and Nathan Bender,,,2008-07-28,2014-10-28,http://digital.lib.uidaho.edu:80/cdm/ref/collection/ijclm/id/26,26,27.jpg,/ijclm/image/27.jpg,ijclm26
Lee Morse Headshot,,Celebrity Chicago,,1930,y,,"Morse, Lee, d. 1954",Lee Morse Collection,International Jazz Collections,University of Idaho Library,"MG 019,  Box 06, Folder 014",IJC019,LM.0014,http://contentdm.lib.uidaho.edu/hampton_collection/,Black & white photographs,image/jpg,Image;StillImage,"300 dpi, 24-bit depth, color, Epson Expression 1640 XL Scanner, Epson TWAIN Pro, Adobe Photoshop 7.0, Archival Master file is a TIFF","Educational use includes non-commercial use of text and images in materials for teaching and research purposes. Digital reproduction rights granted by University of Idaho Library. For other uses beyond educational use, please contact University of Idaho Library Special Collections and Archives Department at libspec@uidaho.edu.",http://rightsstatements.org/vocab/InC-EDU/1.0/,eng,Michael Tarabulski,"Kevin Dobbins, Deborah Green",Kevin Dobbins,,Deborah Green and Nathan Bender,,,2008-07-28,2014-10-28,http://digital.lib.uidaho.edu:80/cdm/ref/collection/ijclm/id/27,27,28.jpg,/ijclm/image/28.jpg,ijclm27
Lee Morse Headshot,,,,1930,y,,"Morse, Lee, d. 1954",Lee Morse Collection,International Jazz Collections,University of Idaho Library,"MG 019,  Box 06, Folder 015",IJC019,LM.0015,http://contentdm.lib.uidaho.edu/hampton_collection/,Black & white photographs,image/jpg,Image;StillImage,"300 dpi, 24-bit depth, color, Epson Expression 1640 XL Scanner, Epson TWAIN Pro, Adobe Photoshop 7.0, Archival Master file is a TIFF","Educational use includes non-commercial use of text and images in materials for teaching and research purposes. Digital reproduction rights granted by University of Idaho Library. For other uses beyond educational use, please contact University of Idaho Library Special Collections and Archives Department at libspec@uidaho.edu.",http://rightsstatements.org/vocab/InC-EDU/1.0/,eng,Michael Tarabulski,"Kevin Dobbins, Deborah Green",Kevin Dobbins,,Deborah Green and Nathan Bender,,,2008-07-28,2014-10-28,http://digital.lib.uidaho.edu:80/cdm/ref/collection/ijclm/id/28,28,29.jpg,/ijclm/image/29.jpg,ijclm28
Lee Morse Autographed Headshot,,S. Peyton,,1930,y,For Bob  Whats the big idea  Coo!  Coo!  For you baby  Youâ€™re the best one  Love from Lee,"Morse, Lee, d. 1954",Lee Morse Collection,International Jazz Collections,University of Idaho Library,"MG 019,  Box 06, Folder 016",IJC019,LM.0016,http://contentdm.lib.uidaho.edu/hampton_collection/,Black & white photographs,image/jpg,Image;StillImage,"300 dpi, 24-bit depth, color, Epson Expression 1640 XL Scanner, Epson TWAIN Pro, Adobe Photoshop 7.0, Archival Master file is a TIFF","Educational use includes non-commercial use of text and images in materials for teaching and research purposes. Digital reproduction rights granted by University of Idaho Library. For other uses beyond educational use, please contact University of Idaho Library Special Collections and Archives Department at libspec@uidaho.edu.",http://rightsstatements.org/vocab/InC-EDU/1.0/,eng,Michael Tarabulski,"Kevin Dobbins, Deborah Green",Kevin Dobbins,,Deborah Green and Nathan Bender,,,2008-07-28,2014-10-28,http://digital.lib.uidaho.edu:80/cdm/ref/collection/ijclm/id/29,29,30.jpg,/ijclm/image/30.jpg,ijclm29
Lee Morse Headshot,,Apeda N.Y.,,1930,y,,"Morse, Lee, d. 1954",Lee Morse Collection,International Jazz Collections,University of Idaho Library,"MG 019,  Box 06, Folder 017",IJC019,LM.0017,http://contentdm.lib.uidaho.edu/hampton_collection/,Black & white photographs,image/jpg,Image;StillImage,"300 dpi, 24-bit depth, color, Epson Expression 1640 XL Scanner, Epson TWAIN Pro, Adobe Photoshop 7.0, Archival Master file is a TIFF","Educational use includes non-commercial use of text and images in materials for teaching and research purposes. Digital reproduction rights granted by University of Idaho Library. For other uses beyond educational use, please contact University of Idaho Library Special Collections and Archives Department at libspec@uidaho.edu.",http://rightsstatements.org/vocab/InC-EDU/1.0/,eng,Michael Tarabulski,"Kevin Dobbins, Deborah Green",Kevin Dobbins,,Deborah Green and Nathan Bender,,,2008-07-28,2014-10-28,http://digital.lib.uidaho.edu:80/cdm/ref/collection/ijclm/id/30,30,31.jpg,/ijclm/image/31.jpg,ijclm30
Lee Morse Headshot,,Apeda N.Y.,,1930,y,Identical photo to LM.0022,"Morse, Lee, d. 1954",Lee Morse Collection,International Jazz Collections,University of Idaho Library,"MG 019,  Box 06, Folder 018",IJC019,LM.0018,http://contentdm.lib.uidaho.edu/hampton_collection/,Black & white photographs,image/jpg,Image;StillImage,"300 dpi, 24-bit depth, color, Epson Expression 1640 XL Scanner, Epson TWAIN Pro, Adobe Photoshop 7.0, Archival Master file is a TIFF","Educational use includes non-commercial use of text and images in materials for teaching and research purposes. Digital reproduction rights granted by University of Idaho Library. For other uses beyond educational use, please contact University of Idaho Library Special Collections and Archives Department at libspec@uidaho.edu.",http://rightsstatements.org/vocab/InC-EDU/1.0/,eng,Michael Tarabulski,"Kevin Dobbins, Deborah Green",Kevin Dobbins,,Deborah Green and Nathan Bender,,,2008-07-28,2014-10-28,http://digital.lib.uidaho.edu:80/cdm/ref/collection/ijclm/id/31,31,32.jpg,/ijclm/image/32.jpg,ijclm31
Lee Morse in Costume,,,,1930,y,,"Morse, Lee, d. 1954",Lee Morse Collection,International Jazz Collections,University of Idaho Library,"MG 019,  Box 06, Folder 019",IJC019,LM.0019,http://contentdm.lib.uidaho.edu/hampton_collection/,Black & white photographs,image/jpg,Image;StillImage,"300 dpi, 24-bit depth, color, Epson Expression 1640 XL Scanner, Epson TWAIN Pro, Adobe Photoshop 7.0, Archival Master file is a TIFF","Educational use includes non-commercial use of text and images in materials for teaching and research purposes. Digital reproduction rights granted by University of Idaho Library. For other uses beyond educational use, please contact University of Idaho Library Special Collections and Archives Department at libspec@uidaho.edu.",http://rightsstatements.org/vocab/InC-EDU/1.0/,eng,Michael Tarabulski,"Kevin Dobbins, Deborah Green",Kevin Dobbins,,Deborah Green and Nathan Bender,,,2008-07-28,2014-10-28,http://digital.lib.uidaho.edu:80/cdm/ref/collection/ijclm/id/32,32,33.jpg,/ijclm/image/33.jpg,ijclm32
Lee Morse with Hat,,,,1930,y,,"Morse, Lee, d. 1954",Lee Morse Collection,International Jazz Collections,University of Idaho Library,"MG 019,  Box 06, Folder 020",IJC019,LM.0020,http://contentdm.lib.uidaho.edu/hampton_collection/,Black & white photographs,image/jpg,Image;StillImage,"300 dpi, 24-bit depth, color, Epson Expression 1640 XL Scanner, Epson TWAIN Pro, Adobe Photoshop 7.0, Archival Master file is a TIFF","Educational use includes non-commercial use of text and images in materials for teaching and research purposes. Digital reproduction rights granted by University of Idaho Library. For other uses beyond educational use, please contact University of Idaho Library Special Collections and Archives Department at libspec@uidaho.edu.",http://rightsstatements.org/vocab/InC-EDU/1.0/,eng,Michael Tarabulski,"Kevin Dobbins, Deborah Green",Kevin Dobbins,,Deborah Green and Nathan Bender,,,2008-07-28,2014-10-28,http://digital.lib.uidaho.edu:80/cdm/ref/collection/ijclm/id/33,33,34.jpg,/ijclm/image/34.jpg,ijclm33
Lee Morse Autographed Headshot,,Apeda N.Y.,,1930,y,"For ""My Little Bobby""  From Lee.  Identical photo to LM.0017","Morse, Lee, d. 1954",Lee Morse Collection,International Jazz Collections,University of Idaho Library,"MG 019,  Box 06, Folder 021",IJC019,LM.0021,http://contentdm.lib.uidaho.edu/hampton_collection/,Black & white photographs,image/jpg,Image;StillImage,"300 dpi, 24-bit depth, color, Epson Expression 1640 XL Scanner, Epson TWAIN Pro, Adobe Photoshop 7.0, Archival Master file is a TIFF","Educational use includes non-commercial use of text and images in materials for teaching and research purposes. Digital reproduction rights granted by University of Idaho Library. For other uses beyond educational use, please contact University of Idaho Library Special Collections and Archives Department at libspec@uidaho.edu.",http://rightsstatements.org/vocab/InC-EDU/1.0/,eng,Michael Tarabulski,"Kevin Dobbins, Deborah Green",Kevin Dobbins,,Deborah Green and Nathan Bender,,,2008-07-28,2014-10-28,http://digital.lib.uidaho.edu:80/cdm/ref/collection/ijclm/id/34,34,35.jpg,/ijclm/image/35.jpg,ijclm34
Lee Morse Headshot,,,,1930,y,,"Morse, Lee, d. 1954",Lee Morse Collection,International Jazz Collections,University of Idaho Library,"MG 019,  Box 06, Folder 023",IJC019,LM.0023,http://contentdm.lib.uidaho.edu/hampton_collection/,Black & white photographs,image/jpg,Image;StillImage,"300 dpi, 24-bit depth, color, Epson Expression 1640 XL Scanner, Epson TWAIN Pro, Adobe Photoshop 7.0, Archival Master file is a TIFF","Educational use includes non-commercial use of text and images in materials for teaching and research purposes. Digital reproduction rights granted by University of Idaho Library. For other uses beyond educational use, please contact University of Idaho Library Special Collections and Archives Department at libspec@uidaho.edu.",http://rightsstatements.org/vocab/InC-EDU/1.0/,eng,Michael Tarabulski,"Kevin Dobbins, Deborah Green",Kevin Dobbins,,Deborah Green and Nathan Bender,,,2008-07-28,2014-10-28,http://digital.lib.uidaho.edu:80/cdm/ref/collection/ijclm/id/35,35,36.jpg,/ijclm/image/36.jpg,ijclm35
Lee Morse Headshot,,,,1930,y,,"Morse, Lee, d. 1954",Lee Morse Collection,International Jazz Collections,University of Idaho Library,"MG 019,  Box 06, Folder 024",IJC019,LM.0024,http://contentdm.lib.uidaho.edu/hampton_collection/,Black & white photographs,image/jpg,Image;StillImage,"300 dpi, 24-bit depth, color, Epson Expression 1640 XL Scanner, Epson TWAIN Pro, Adobe Photoshop 7.0, Archival Master file is a TIFF","Educational use includes non-commercial use of text and images in materials for teaching and research purposes. Digital reproduction rights granted by University of Idaho Library. For other uses beyond educational use, please contact University of Idaho Library Special Collections and Archives Department at libspec@uidaho.edu.",http://rightsstatements.org/vocab/InC-EDU/1.0/,eng,Michael Tarabulski,"Kevin Dobbins, Deborah Green",Kevin Dobbins,,Deborah Green and Nathan Bender,,,2008-07-28,2014-10-28,http://digital.lib.uidaho.edu:80/cdm/ref/collection/ijclm/id/36,36,37.jpg,/ijclm/image/37.jpg,ijclm36
Lee Morse Headshot,,S. Peyton,Strauss-Peyton Studio,1930,y,,"Morse, Lee, d. 1954",Lee Morse Collection,International Jazz Collections,University of Idaho Library,"MG 019,  Box 06, Folder 025",IJC019,LM.0025,http://contentdm.lib.uidaho.edu/hampton_collection/,Black & white photographs,image/jpg,Image;StillImage,"300 dpi, 24-bit depth, color, Epson Expression 1640 XL Scanner, Epson TWAIN Pro, Adobe Photoshop 7.0, Archival Master file is a TIFF","Educational use includes non-commercial use of text and images in materials for teaching and research purposes. Digital reproduction rights granted by University of Idaho Library. For other uses beyond educational use, please contact University of Idaho Library Special Collections and Archives Department at libspec@uidaho.edu.",http://rightsstatements.org/vocab/InC-EDU/1.0/,eng,Michael Tarabulski,"Kevin Dobbins, Deborah Green",Kevin Dobbins,,Deborah Green and Nathan Bender,,,2008-07-28,2014-10-28,http://digital.lib.uidaho.edu:80/cdm/ref/collection/ijclm/id/37,37,38.jpg,/ijclm/image/38.jpg,ijclm37
Lee Morse Headshot,,Celebrity Chicago,,1930,y,,"Morse, Lee, d. 1954",Lee Morse Collection,International Jazz Collections,University of Idaho Library,"MG 019,  Box 06, Folder 026",IJC019,LM.0026,http://contentdm.lib.uidaho.edu/hampton_collection/,Black & white photographs,image/jpg,Image;StillImage,"300 dpi, 24-bit depth, color, Epson Expression 1640 XL Scanner, Epson TWAIN Pro, Adobe Photoshop 7.0, Archival Master file is a TIFF","Educational use includes non-commercial use of text and images in materials for teaching and research purposes. Digital reproduction rights granted by University of Idaho Library. For other uses beyond educational use, please contact University of Idaho Library Special Collections and Archives Department at libspec@uidaho.edu.",http://rightsstatements.org/vocab/InC-EDU/1.0/,eng,Michael Tarabulski,"Kevin Dobbins, Deborah Green",Kevin Dobbins,,Deborah Green and Nathan Bender,,,2008-07-28,2014-10-28,http://digital.lib.uidaho.edu:80/cdm/ref/collection/ijclm/id/38,38,39.jpg,/ijclm/image/39.jpg,ijclm38
Lee Morse Autographed Headshot,,,KessLere N.Y.,1930,y,"To My Record Friends Your for ""Colombia"" Sincerely, Lee Morse","Morse, Lee, d. 1954",Lee Morse Collection,International Jazz Collections,University of Idaho Library,"MG 019,  Box 06, Folder 027",IJC019,LM.0027,http://contentdm.lib.uidaho.edu/hampton_collection/,Black & white photographs,image/jpg,Image;StillImage,"300 dpi, 24-bit depth, color, Epson Expression 1640 XL Scanner, Epson TWAIN Pro, Adobe Photoshop 7.0, Archival Master file is a TIFF","Educational use includes non-commercial use of text and images in materials for teaching and research purposes. Digital reproduction rights granted by University of Idaho Library. For other uses beyond educational use, please contact University of Idaho Library Special Collections and Archives Department at libspec@uidaho.edu.",http://rightsstatements.org/vocab/InC-EDU/1.0/,eng,Michael Tarabulski,"Kevin Dobbins, Deborah Green",Kevin Dobbins,,Deborah Green and Nathan Bender,,,2008-07-28,2014-10-28,http://digital.lib.uidaho.edu:80/cdm/ref/collection/ijclm/id/39,39,40.jpg,/ijclm/image/40.jpg,ijclm39
Lee Morse Headshot,,,,1930,y,S-63-8,"Morse, Lee, d. 1954",Lee Morse Collection,International Jazz Collections,University of Idaho Library,"MG 019,  Box 06, Folder 028",IJC019,LM.0028,http://contentdm.lib.uidaho.edu/hampton_collection/,Black & white photographs,image/jpg,Image;StillImage,"300 dpi, 24-bit depth, color, Epson Expression 1640 XL Scanner, Epson TWAIN Pro, Adobe Photoshop 7.0, Archival Master file is a TIFF","Educational use includes non-commercial use of text and images in materials for teaching and research purposes. Digital reproduction rights granted by University of Idaho Library. For other uses beyond educational use, please contact University of Idaho Library Special Collections and Archives Department at libspec@uidaho.edu.",http://rightsstatements.org/vocab/InC-EDU/1.0/,eng,Michael Tarabulski,"Kevin Dobbins, Deborah Green",Kevin Dobbins,,Deborah Green and Nathan Bender,,,2008-07-28,2014-10-28,http://digital.lib.uidaho.edu:80/cdm/ref/collection/ijclm/id/40,40,41.jpg,/ijclm/image/41.jpg,ijclm40
Lee Morse Headshot,,,,1930,y,Proofs from De Mirjian,"Morse, Lee, d. 1954",Lee Morse Collection,International Jazz Collections,University of Idaho Library,"MG 019,  Box 06, Folder 029",IJC019,LM.0029,http://contentdm.lib.uidaho.edu/hampton_collection/,Black & white photographs,image/jpg,Image;StillImage,"300 dpi, 24-bit depth, color, Epson Expression 1640 XL Scanner, Epson TWAIN Pro, Adobe Photoshop 7.0, Archival Master file is a TIFF","Educational use includes non-commercial use of text and images in materials for teaching and research purposes. Digital reproduction rights granted by University of Idaho Library. For other uses beyond educational use, please contact University of Idaho Library Special Collections and Archives Department at libspec@uidaho.edu.",http://rightsstatements.org/vocab/InC-EDU/1.0/,eng,Michael Tarabulski,"Kevin Dobbins, Deborah Green",Kevin Dobbins,,Deborah Green and Nathan Bender,,,2008-07-28,2014-10-28,http://digital.lib.uidaho.edu:80/cdm/ref/collection/ijclm/id/41,41,42.jpg,/ijclm/image/42.jpg,ijclm41
Lee Morse Headshot,,,De Mirjian Studio,1930,y,,"Morse, Lee, d. 1954",Lee Morse Collection,International Jazz Collections,University of Idaho Library,"MG 019,  Box 06, Folder 030",IJC019,LM.0030,http://contentdm.lib.uidaho.edu/hampton_collection/,Black & white photographs,image/jpg,Image;StillImage,"300 dpi, 24-bit depth, color, Epson Expression 1640 XL Scanner, Epson TWAIN Pro, Adobe Photoshop 7.0, Archival Master file is a TIFF","Educational use includes non-commercial use of text and images in materials for teaching and research purposes. Digital reproduction rights granted by University of Idaho Library. For other uses beyond educational use, please contact University of Idaho Library Special Collections and Archives Department at libspec@uidaho.edu.",http://rightsstatements.org/vocab/InC-EDU/1.0/,eng,Michael Tarabulski,"Kevin Dobbins, Deborah Green",Kevin Dobbins,,Deborah Green and Nathan Bender,,,2008-07-28,2014-10-28,http://digital.lib.uidaho.edu:80/cdm/ref/collection/ijclm/id/42,42,43.jpg,/ijclm/image/43.jpg,ijclm42
Lee Morse Posing with Shawl,,,De Mirjian Studio,1930,y,,"Morse, Lee, d. 1954",Lee Morse Collection,International Jazz Collections,University of Idaho Library,"MG 019,  Box 06, Folder 031",IJC019,LM.0031,http://contentdm.lib.uidaho.edu/hampton_collection/,Black & white photographs,image/jpg,Image;StillImage,"300 dpi, 24-bit depth, color, Epson Expression 1640 XL Scanner, Epson TWAIN Pro, Adobe Photoshop 7.0, Archival Master file is a TIFF","Educational use includes non-commercial use of text and images in materials for teaching and research purposes. Digital reproduction rights granted by University of Idaho Library. For other uses beyond educational use, please contact University of Idaho Library Special Collections and Archives Department at libspec@uidaho.edu.",http://rightsstatements.org/vocab/InC-EDU/1.0/,eng,Michael Tarabulski,"Kevin Dobbins, Deborah Green",Kevin Dobbins,,Deborah Green and Nathan Bender,,,2008-07-28,2014-10-28,http://digital.lib.uidaho.edu:80/cdm/ref/collection/ijclm/id/43,43,44.jpg,/ijclm/image/44.jpg,ijclm43
Lee Morse Posing with Shawl,,,,1930,y,Proofs from De Mirjian,"Morse, Lee, d. 1954",Lee Morse Collection,International Jazz Collections,University of Idaho Library,"MG 019,  Box 06, Folder 032",IJC019,LM.0032,http://contentdm.lib.uidaho.edu/hampton_collection/,Black & white photographs,image/jpg,Image;StillImage,"300 dpi, 24-bit depth, color, Epson Expression 1640 XL Scanner, Epson TWAIN Pro, Adobe Photoshop 7.0, Archival Master file is a TIFF","Educational use includes non-commercial use of text and images in materials for teaching and research purposes. Digital reproduction rights granted by University of Idaho Library. For other uses beyond educational use, please contact University of Idaho Library Special Collections and Archives Department at libspec@uidaho.edu.",http://rightsstatements.org/vocab/InC-EDU/1.0/,eng,Michael Tarabulski,"Kevin Dobbins, Deborah Green",Kevin Dobbins,,Deborah Green and Nathan Bender,,,2008-07-28,2014-10-28,http://digital.lib.uidaho.edu:80/cdm/ref/collection/ijclm/id/44,44,45.jpg,/ijclm/image/45.jpg,ijclm44
Lee Morse Headshot,,,,1930,y,,"Morse, Lee, d. 1954",Lee Morse Collection,International Jazz Collections,University of Idaho Library,"MG 019,  Box 06, Folder 033",IJC019,LM.0033,http://contentdm.lib.uidaho.edu/hampton_collection/,Black & white photographs,image/jpg,Image;StillImage,"300 dpi, 24-bit depth, color, Epson Expression 1640 XL Scanner, Epson TWAIN Pro, Adobe Photoshop 7.0, Archival Master file is a TIFF","Educational use includes non-commercial use of text and images in materials for teaching and research purposes. Digital reproduction rights granted by University of Idaho Library. For other uses beyond educational use, please contact University of Idaho Library Special Collections and Archives Department at libspec@uidaho.edu.",http://rightsstatements.org/vocab/InC-EDU/1.0/,eng,Michael Tarabulski,"Kevin Dobbins, Deborah Green",Kevin Dobbins,,Deborah Green and Nathan Bender,,,2008-07-28,2014-10-28,http://digital.lib.uidaho.edu:80/cdm/ref/collection/ijclm/id/45,45,46.jpg,/ijclm/image/46.jpg,ijclm45
Lee Morse Headshot,,,,1930,y,Proofs from De Mirjian,"Morse, Lee, d. 1954",Lee Morse Collection,International Jazz Collections,University of Idaho Library,"MG 019,  Box 06, Folder 034",IJC019,LM.0034,http://contentdm.lib.uidaho.edu/hampton_collection/,Black & white photographs,image/jpg,Image;StillImage,"300 dpi, 24-bit depth, color, Epson Expression 1640 XL Scanner, Epson TWAIN Pro, Adobe Photoshop 7.0, Archival Master file is a TIFF","Educational use includes non-commercial use of text and images in materials for teaching and research purposes. Digital reproduction rights granted by University of Idaho Library. For other uses beyond educational use, please contact University of Idaho Library Special Collections and Archives Department at libspec@uidaho.edu.",http://rightsstatements.org/vocab/InC-EDU/1.0/,eng,Michael Tarabulski,"Kevin Dobbins, Deborah Green",Kevin Dobbins,,Deborah Green and Nathan Bender,,,2008-07-28,2014-10-28,http://digital.lib.uidaho.edu:80/cdm/ref/collection/ijclm/id/46,46,47.jpg,/ijclm/image/47.jpg,ijclm46
Lee Morse Headshot,,,,1930,y,Proofs from De Mirjian,"Morse, Lee, d. 1954",Lee Morse Collection,International Jazz Collections,University of Idaho Library,"MG 019,  Box 06, Folder 035",IJC019,LM.0035,http://contentdm.lib.uidaho.edu/hampton_collection/,Black & white photographs,image/jpg,Image;StillImage,"300 dpi, 24-bit depth, color, Epson Expression 1640 XL Scanner, Epson TWAIN Pro, Adobe Photoshop 7.0, Archival Master file is a TIFF","Educational use includes non-commercial use of text and images in materials for teaching and research purposes. Digital reproduction rights granted by University of Idaho Library. For other uses beyond educational use, please contact University of Idaho Library Special Collections and Archives Department at libspec@uidaho.edu.",http://rightsstatements.org/vocab/InC-EDU/1.0/,eng,Michael Tarabulski,"Kevin Dobbins, Deborah Green",Kevin Dobbins,,Deborah Green and Nathan Bender,,,2008-07-28,2014-10-28,http://digital.lib.uidaho.edu:80/cdm/ref/collection/ijclm/id/47,47,48.jpg,/ijclm/image/48.jpg,ijclm47
Lee Morse Headshot,,,,1930,y,Proofs from De Mirjian,"Morse, Lee, d. 1954",Lee Morse Collection,International Jazz Collections,University of Idaho Library,"MG 019,  Box 06, Folder 036",IJC019,LM.0036,http://contentdm.lib.uidaho.edu/hampton_collection/,Black & white photographs,image/jpg,Image;StillImage,"300 dpi, 24-bit depth, color, Epson Expression 1640 XL Scanner, Epson TWAIN Pro, Adobe Photoshop 7.0, Archival Master file is a TIFF","Educational use includes non-commercial use of text and images in materials for teaching and research purposes. Digital reproduction rights granted by University of Idaho Library. For other uses beyond educational use, please contact University of Idaho Library Special Collections and Archives Department at libspec@uidaho.edu.",http://rightsstatements.org/vocab/InC-EDU/1.0/,eng,Michael Tarabulski,"Kevin Dobbins, Deborah Green",Kevin Dobbins,,Deborah Green and Nathan Bender,,,2008-07-28,2014-10-28,http://digital.lib.uidaho.edu:80/cdm/ref/collection/ijclm/id/48,48,49.jpg,/ijclm/image/49.jpg,ijclm48
Lee Morse Headshot,,,De Mirjian Studio,1930,y,For Gene Green,"Morse, Lee, d. 1954",Lee Morse Collection,International Jazz Collections,University of Idaho Library,"MG 019,  Box 06, Folder 037",IJC019,LM.0037,http://contentdm.lib.uidaho.edu/hampton_collection/,Black & white photographs,image/jpg,Image;StillImage,"300 dpi, 24-bit depth, color, Epson Expression 1640 XL Scanner, Epson TWAIN Pro, Adobe Photoshop 7.0, Archival Master file is a TIFF","Educational use includes non-commercial use of text and images in materials for teaching and research purposes. Digital reproduction rights granted by University of Idaho Library. For other uses beyond educational use, please contact University of Idaho Library Special Collections and Archives Department at libspec@uidaho.edu.",http://rightsstatements.org/vocab/InC-EDU/1.0/,eng,Michael Tarabulski,"Kevin Dobbins, Deborah Green",Kevin Dobbins,,Deborah Green and Nathan Bender,,,2008-07-28,2014-10-28,http://digital.lib.uidaho.edu:80/cdm/ref/collection/ijclm/id/49,49,50.jpg,/ijclm/image/50.jpg,ijclm49
Lee Morse Autographed Headshot,,,De Mirjian Studio,1930,y,"Autograph reads ""For Mr. Simon With sincere regard  Your friend, Lee Morse.""","Morse, Lee, d. 1954",Lee Morse Collection,International Jazz Collections,University of Idaho Library,"MG 019,  Box 06, Folder 038",IJC019,LM.0038,http://contentdm.lib.uidaho.edu/hampton_collection/,Black & white photographs,image/jpg,Image;StillImage,"300 dpi, 24-bit depth, color, Epson Expression 1640 XL Scanner, Epson TWAIN Pro, Adobe Photoshop 7.0, Archival Master file is a TIFF","Educational use includes non-commercial use of text and images in materials for teaching and research purposes. Digital reproduction rights granted by University of Idaho Library. For other uses beyond educational use, please contact University of Idaho Library Special Collections and Archives Department at libspec@uidaho.edu.",http://rightsstatements.org/vocab/InC-EDU/1.0/,eng,Michael Tarabulski,"Kevin Dobbins, Deborah Green",Kevin Dobbins,,Deborah Green and Nathan Bender,,,2008-07-28,2014-10-28,http://digital.lib.uidaho.edu:80/cdm/ref/collection/ijclm/id/50,50,51.jpg,/ijclm/image/51.jpg,ijclm50
Lee Morse and Bob,,,,1930,y,"Autograph reads ""For Jackie Boy  Beloved little Son  Mother & ""Daddy"" Bob.""","Morse, Lee, d. 1954",Lee Morse Collection,International Jazz Collections,University of Idaho Library,"MG 019,  Box 06, Folder 039",IJC019,LM.0039,http://contentdm.lib.uidaho.edu/hampton_collection/,Black & white photographs,image/jpg,Image;StillImage,"300 dpi, 24-bit depth, color, Epson Expression 1640 XL Scanner, Epson TWAIN Pro, Adobe Photoshop 7.0, Archival Master file is a TIFF","Educational use includes non-commercial use of text and images in materials for teaching and research purposes. Digital reproduction rights granted by University of Idaho Library. For other uses beyond educational use, please contact University of Idaho Library Special Collections and Archives Department at libspec@uidaho.edu.",http://rightsstatements.org/vocab/InC-EDU/1.0/,eng,Michael Tarabulski,"Kevin Dobbins, Deborah Green",Kevin Dobbins,,Deborah Green and Nathan Bender,,,2008-07-28,2014-10-28,http://digital.lib.uidaho.edu:80/cdm/ref/collection/ijclm/id/51,51,52.jpg,/ijclm/image/52.jpg,ijclm51
Lee Morse with Child,,,,1925,y,Portrait of Lee Morse holding a baby in her arms.,"Morse, Lee, d. 1954",Lee Morse Collection,International Jazz Collections,University of Idaho Library,"MG 019,  Box 06, Folder 040",IJC019,LM.0040,http://contentdm.lib.uidaho.edu/hampton_collection/,Black & white photographs,image/jpg,Image;StillImage,"300 dpi, 24-bit depth, color, Epson Expression 1640 XL Scanner, Epson TWAIN Pro, Adobe Photoshop 7.0, Archival Master file is a TIFF","Educational use includes non-commercial use of text and images in materials for teaching and research purposes. Digital reproduction rights granted by University of Idaho Library. For other uses beyond educational use, please contact University of Idaho Library Special Collections and Archives Department at libspec@uidaho.edu.",http://rightsstatements.org/vocab/InC-EDU/1.0/,eng,Michael Tarabulski,"Kevin Dobbins, Deborah Green",Kevin Dobbins,,Deborah Green and Nathan Bender,,,2008-07-28,2014-10-28,http://digital.lib.uidaho.edu:80/cdm/ref/collection/ijclm/id/52,52,53.jpg,/ijclm/image/53.jpg,ijclm52
Lee Morse with Child,,,,1925,y,Portrait of Lee Morse holding a baby in her arms.,"Morse, Lee, d. 1954",Lee Morse Collection,International Jazz Collections,University of Idaho Library,"MG 019,  Box 06, Folder 041",IJC019,LM.0041,http://contentdm.lib.uidaho.edu/hampton_collection/,Black & white photographs,image/jpg,Image;StillImage,"300 dpi, 24-bit depth, color, Epson Expression 1640 XL Scanner, Epson TWAIN Pro, Adobe Photoshop 7.0, Archival Master file is a TIFF","Educational use includes non-commercial use of text and images in materials for teaching and research purposes. Digital reproduction rights granted by University of Idaho Library. For other uses beyond educational use, please contact University of Idaho Library Special Collections and Archives Department at libspec@uidaho.edu.",http://rightsstatements.org/vocab/InC-EDU/1.0/,eng,Michael Tarabulski,"Kevin Dobbins, Deborah Green",Kevin Dobbins,,Deborah Green and Nathan Bender,,,2008-07-28,2014-10-28,http://digital.lib.uidaho.edu:80/cdm/ref/collection/ijclm/id/53,53,54.jpg,/ijclm/image/54.jpg,ijclm53
Child in Uniform,,,,1925,y,Photograph of a young child dressed in a dark uniform jacket and hat.,"Morse, Lee, d. 1954",Lee Morse Collection,International Jazz Collections,University of Idaho Library,"MG 019,  Box 06, Folder 042",IJC019,LM.0042,http://contentdm.lib.uidaho.edu/hampton_collection/,Black & white photographs,image/jpg,Image;StillImage,"300 dpi, 24-bit depth, color, Epson Expression 1640 XL Scanner, Epson TWAIN Pro, Adobe Photoshop 7.0, Archival Master file is a TIFF","Educational use includes non-commercial use of text and images in materials for teaching and research purposes. Digital reproduction rights granted by University of Idaho Library. For other uses beyond educational use, please contact University of Idaho Library Special Collections and Archives Department at libspec@uidaho.edu.",http://rightsstatements.org/vocab/InC-EDU/1.0/,eng,Michael Tarabulski,"Kevin Dobbins, Deborah Green",Kevin Dobbins,,Deborah Green and Nathan Bender,,,2008-07-28,2014-10-28,http://digital.lib.uidaho.edu:80/cdm/ref/collection/ijclm/id/54,54,55.jpg,/ijclm/image/55.jpg,ijclm54
Lee Morse Group Portrait,,,,1930,y,Lee Morse dressed in a fur jacket stands with her arms around a man and child in front of a house.,"Morse, Lee, d. 1954",Lee Morse Collection,International Jazz Collections,University of Idaho Library,"MG 019,  Box 06, Folder 043",IJC019,LM.0043,http://contentdm.lib.uidaho.edu/hampton_collection/,Black & white photographs,image/jpg,Image;StillImage,"300 dpi, 24-bit depth, color, Epson Expression 1640 XL Scanner, Epson TWAIN Pro, Adobe Photoshop 7.0, Archival Master file is a TIFF","Educational use includes non-commercial use of text and images in materials for teaching and research purposes. Digital reproduction rights granted by University of Idaho Library. For other uses beyond educational use, please contact University of Idaho Library Special Collections and Archives Department at libspec@uidaho.edu.",http://rightsstatements.org/vocab/InC-EDU/1.0/,eng,Michael Tarabulski,"Kevin Dobbins, Deborah Green",Kevin Dobbins,,Deborah Green and Nathan Bender,,,2008-07-28,2014-10-28,http://digital.lib.uidaho.edu:80/cdm/ref/collection/ijclm/id/55,55,56.jpg,/ijclm/image/56.jpg,ijclm55
Lee Morse in Fur Jacket,,,,1930,y,Lee Morse stands in a fur jacket with a crowd of men standing around her on the porch of a house.,"Morse, Lee, d. 1954",Lee Morse Collection,International Jazz Collections,University of Idaho Library,"MG 019,  Box 06, Folder 044",IJC019,LM.0044,http://contentdm.lib.uidaho.edu/hampton_collection/,Black & white photographs,image/jpg,Image;StillImage,"300 dpi, 24-bit depth, color, Epson Expression 1640 XL Scanner, Epson TWAIN Pro, Adobe Photoshop 7.0, Archival Master file is a TIFF","Educational use includes non-commercial use of text and images in materials for teaching and research purposes. Digital reproduction rights granted by University of Idaho Library. For other uses beyond educational use, please contact University of Idaho Library Special Collections and Archives Department at libspec@uidaho.edu.",http://rightsstatements.org/vocab/InC-EDU/1.0/,eng,Michael Tarabulski,"Kevin Dobbins, Deborah Green",Kevin Dobbins,,Deborah Green and Nathan Bender,,,2008-07-28,2014-10-28,http://digital.lib.uidaho.edu:80/cdm/ref/collection/ijclm/id/56,56,57.jpg,/ijclm/image/57.jpg,ijclm56
Lee Morse Plays Guitar,,,,1930,y,Lee's Lullaby. Lee Morse sits on a chair in front of a fireplace. She holds a guitar and stares at a young child sitting next to her dressed in a uniform.,"Morse, Lee, d. 1954",Lee Morse Collection,International Jazz Collections,University of Idaho Library,"MG 019,  Box 06, Folder 045",IJC019,LM.0045,http://contentdm.lib.uidaho.edu/hampton_collection/,Black & white photographs,image/jpg,Image;StillImage,"300 dpi, 24-bit depth, color, Epson Expression 1640 XL Scanner, Epson TWAIN Pro, Adobe Photoshop 7.0, Archival Master file is a TIFF","Educational use includes non-commercial use of text and images in materials for teaching and research purposes. Digital reproduction rights granted by University of Idaho Library. For other uses beyond educational use, please contact University of Idaho Library Special Collections and Archives Department at libspec@uidaho.edu.",http://rightsstatements.org/vocab/InC-EDU/1.0/,eng,Michael Tarabulski,"Kevin Dobbins, Deborah Green",Kevin Dobbins,,Deborah Green and Nathan Bender,,,2008-07-28,2014-10-28,http://digital.lib.uidaho.edu:80/cdm/ref/collection/ijclm/id/57,57,58.jpg,/ijclm/image/58.jpg,ijclm57
Lee Morse Plays Guitar,,,,1930,y,Lee's Lullaby. Lee Morse sits on a chair in front of a fireplace. She holds a guitar and stares at a young child sitting next to her dressed in a uniform.,"Morse, Lee, d. 1954",Lee Morse Collection,International Jazz Collections,University of Idaho Library,"MG 019,  Box 06, Folder 046",IJC019,LM.0046,http://contentdm.lib.uidaho.edu/hampton_collection/,Black & white photographs,image/jpg,Image;StillImage,"300 dpi, 24-bit depth, color, Epson Expression 1640 XL Scanner, Epson TWAIN Pro, Adobe Photoshop 7.0, Archival Master file is a TIFF","Educational use includes non-commercial use of text and images in materials for teaching and research purposes. Digital reproduction rights granted by University of Idaho Library. For other uses beyond educational use, please contact University of Idaho Library Special Collections and Archives Department at libspec@uidaho.edu.",http://rightsstatements.org/vocab/InC-EDU/1.0/,eng,Michael Tarabulski,"Kevin Dobbins, Deborah Green",Kevin Dobbins,,Deborah Green and Nathan Bender,,,2008-07-28,2014-10-28,http://digital.lib.uidaho.edu:80/cdm/ref/collection/ijclm/id/58,58,59.jpg,/ijclm/image/59.jpg,ijclm58
Lee Morse Autographed Headshot,,,,1930,y,"Headshot of Lee Morse that reads ""To Jack & Robbie  always praying for you.""","Morse, Lee, d. 1954",Lee Morse Collection,International Jazz Collections,University of Idaho Library,"MG 019,  Box 06, Folder 047",IJC019,LM.0047,http://contentdm.lib.uidaho.edu/hampton_collection/,Black & white photographs,image/jpg,Image;StillImage,"300 dpi, 24-bit depth, color, Epson Expression 1640 XL Scanner, Epson TWAIN Pro, Adobe Photoshop 7.0, Archival Master file is a TIFF","Educational use includes non-commercial use of text and images in materials for teaching and research purposes. Digital reproduction rights granted by University of Idaho Library. For other uses beyond educational use, please contact University of Idaho Library Special Collections and Archives Department at libspec@uidaho.edu.",http://rightsstatements.org/vocab/InC-EDU/1.0/,eng,Michael Tarabulski,"Kevin Dobbins, Deborah Green",Kevin Dobbins,,Deborah Green and Nathan Bender,,,2008-07-28,2014-10-28,http://digital.lib.uidaho.edu:80/cdm/ref/collection/ijclm/id/59,59,60.jpg,/ijclm/image/60.jpg,ijclm59
Lee Morse Autographed Headshot,,,,1930,y,"Headshot of Lee Morse that reads ""With my Everlasting Love & Loyalty  Mother.""","Morse, Lee, d. 1954",Lee Morse Collection,International Jazz Collections,University of Idaho Library,"MG 019,  Box 06, Folder 048",IJC019,LM.0048,http://contentdm.lib.uidaho.edu/hampton_collection/,Black & white photographs,image/jpg,Image;StillImage,"300 dpi, 24-bit depth, color, Epson Expression 1640 XL Scanner, Epson TWAIN Pro, Adobe Photoshop 7.0, Archival Master file is a TIFF","Educational use includes non-commercial use of text and images in materials for teaching and research purposes. Digital reproduction rights granted by University of Idaho Library. For other uses beyond educational use, please contact University of Idaho Library Special Collections and Archives Department at libspec@uidaho.edu.",http://rightsstatements.org/vocab/InC-EDU/1.0/,eng,Michael Tarabulski,"Kevin Dobbins, Deborah Green",Kevin Dobbins,,Deborah Green and Nathan Bender,,,2008-07-28,2014-10-28,http://digital.lib.uidaho.edu:80/cdm/ref/collection/ijclm/id/60,60,61.jpg,/ijclm/image/61.jpg,ijclm60
Lee Morse Autographed Headshot,,,Voss Photographer,1930,y,"Dedication reads ""My Love & devotion Forever - Mother.""","Morse, Lee, d. 1954",Lee Morse Collection,International Jazz Collections,University of Idaho Library,"MG 019,  Box 06, Folder 049",IJC019,LM.0049,http://contentdm.lib.uidaho.edu/hampton_collection/,Black & white photographs,image/jpg,Image;StillImage,"300 dpi, 24-bit depth, color, Epson Expression 1640 XL Scanner, Epson TWAIN Pro, Adobe Photoshop 7.0, Archival Master file is a TIFF","Educational use includes non-commercial use of text and images in materials for teaching and research purposes. Digital reproduction rights granted by University of Idaho Library. For other uses beyond educational use, please contact University of Idaho Library Special Collections and Archives Department at libspec@uidaho.edu.",http://rightsstatements.org/vocab/InC-EDU/1.0/,eng,Michael Tarabulski,"Kevin Dobbins, Deborah Green",Kevin Dobbins,,Deborah Green and Nathan Bender,,,2008-07-28,2014-10-28,http://digital.lib.uidaho.edu:80/cdm/ref/collection/ijclm/id/61,61,62.jpg,/ijclm/image/62.jpg,ijclm61
Lee Morse Autographed Headshot,,,Voss Photographer,1930,y,"Dedication reads ""To Jackie & Robbie  My Beloved Children  Mother.""","Morse, Lee, d. 1954",Lee Morse Collection,International Jazz Collections,University of Idaho Library,"MG 019,  Box 06, Folder 050",IJC019,LM.0050,http://contentdm.lib.uidaho.edu/hampton_collection/,Black & white photographs,image/jpg,Image;StillImage,"300 dpi, 24-bit depth, color, Epson Expression 1640 XL Scanner, Epson TWAIN Pro, Adobe Photoshop 7.0, Archival Master file is a TIFF","Educational use includes non-commercial use of text and images in materials for teaching and research purposes. Digital reproduction rights granted by University of Idaho Library. For other uses beyond educational use, please contact University of Idaho Library Special Collections and Archives Department at libspec@uidaho.edu.",http://rightsstatements.org/vocab/InC-EDU/1.0/,eng,Michael Tarabulski,"Kevin Dobbins, Deborah Green",Kevin Dobbins,,Deborah Green and Nathan Bender,,,2008-07-28,2014-10-28,http://digital.lib.uidaho.edu:80/cdm/ref/collection/ijclm/id/62,62,63.jpg,/ijclm/image/63.jpg,ijclm62
Lee Morse Autographed Headshot,,,Voss Photographer,1930,y,"Dedication reads ""To My Kids,  I will be so lonely without you.  All my love  Mother.  When you look at this remember ""Chin up.""  If I can - you can.","Morse, Lee, d. 1954",Lee Morse Collection,International Jazz Collections,University of Idaho Library,"MG 019,  Box 06, Folder 051",IJC019,LM.0051,http://contentdm.lib.uidaho.edu/hampton_collection/,Black & white photographs,image/jpg,Image;StillImage,"300 dpi, 24-bit depth, color, Epson Expression 1640 XL Scanner, Epson TWAIN Pro, Adobe Photoshop 7.0, Archival Master file is a TIFF","Educational use includes non-commercial use of text and images in materials for teaching and research purposes. Digital reproduction rights granted by University of Idaho Library. For other uses beyond educational use, please contact University of Idaho Library Special Collections and Archives Department at libspec@uidaho.edu.",http://rightsstatements.org/vocab/InC-EDU/1.0/,eng,Michael Tarabulski,"Kevin Dobbins, Deborah Green",Kevin Dobbins,,Deborah Green and Nathan Bender,,,2008-07-28,2014-10-28,http://digital.lib.uidaho.edu:80/cdm/ref/collection/ijclm/id/63,63,64.jpg,/ijclm/image/64.jpg,ijclm63
Lee Morse Plays Guitar,,,,1930,y,Lee's Lullaby. Lee Morse sits on a chair in front of a fireplace. She holds a guitar and stares at a young child sitting next to her dressed in a uniform.,"Morse, Lee, d. 1954",Lee Morse Collection,International Jazz Collections,University of Idaho Library,"MG 019,  Box 06, Folder 052",IJC019,LM.0052,http://contentdm.lib.uidaho.edu/hampton_collection/,Black & white photographs,image/jpg,Image;StillImage,"300 dpi, 24-bit depth, color, Epson Expression 1640 XL Scanner, Epson TWAIN Pro, Adobe Photoshop 7.0, Archival Master file is a TIFF","Educational use includes non-commercial use of text and images in materials for teaching and research purposes. Digital reproduction rights granted by University of Idaho Library. For other uses beyond educational use, please contact University of Idaho Library Special Collections and Archives Department at libspec@uidaho.edu.",http://rightsstatements.org/vocab/InC-EDU/1.0/,eng,Michael Tarabulski,"Kevin Dobbins, Deborah Green",Kevin Dobbins,,Deborah Green and Nathan Bender,,,2008-07-28,2014-10-28,http://digital.lib.uidaho.edu:80/cdm/ref/collection/ijclm/id/64,64,65.jpg,/ijclm/image/65.jpg,ijclm64
Lee Morse Headshot,,,,1940,y,Headshot of Lee Morse with short hair.,"Morse, Lee, d. 1954",Lee Morse Collection,International Jazz Collections,University of Idaho Library,"MG 019,  Box 06, Folder 053",IJC019,LM.0053,http://contentdm.lib.uidaho.edu/hampton_collection/,Black & white photographs,image/jpg,Image;StillImage,"300 dpi, 24-bit depth, color, Epson Expression 1640 XL Scanner, SilverFast (EpsonIT8).8ba (vers. 6.5.5r5), Adobe Photoshop 7.0, Archival Master file is a TIFF","Educational use includes non-commercial use of text and images in materials for teaching and research purposes. Digital reproduction rights granted by University of Idaho Library. For other uses beyond educational use, please contact University of Idaho Library Special Collections and Archives Department at libspec@uidaho.edu.",http://rightsstatements.org/vocab/InC-EDU/1.0/,eng,Michael Tarabulski,"Kevin Dobbins, Deborah Green",Kevin Dobbins,,Deborah Green and Nathan Bender,,,2008-07-28,2014-10-28,http://digital.lib.uidaho.edu:80/cdm/ref/collection/ijclm/id/65,65,66.jpg,/ijclm/image/66.jpg,ijclm65
Lee Morse's House,,W. S. Paddock,,1905,y,Photograph of Lee Morse's house surrounded by a fence.,"Morse, Lee, d. 1954",Lee Morse Collection,International Jazz Collections,University of Idaho Library,"MG 019,  Box 06, Folder 054",IJC019,LM.0054,http://contentdm.lib.uidaho.edu/hampton_collection/,Black & white photographs,image/jpg,Image;StillImage,"300 dpi, 24-bit depth, color, Epson Expression 1640 XL Scanner, SilverFast (EpsonIT8).8ba (vers. 6.5.5r5), Adobe Photoshop 7.0, Archival Master file is a TIFF","Material determined to be in Public Domain based on date of publication. Material made available by the University of Idaho Library. For more information, please contact University of Idaho Library Special Collections and Archives Department at libspec@uidaho.edu.",https://creativecommons.org/publicdomain/mark/1.0/,eng,Michael Tarabulski,"Kevin Dobbins, Deborah Green",Kevin Dobbins,,Deborah Green and Nathan Bender,,,2008-07-28,2014-10-28,http://digital.lib.uidaho.edu:80/cdm/ref/collection/ijclm/id/66,66,67.jpg,/ijclm/image/67.jpg,ijclm66
Photograph of a Child,,Smith,Marysville Co.,1905,y,"A young girl stands next to a table, possibly Lee Morse.","Morse, Lee, d. 1954",Lee Morse Collection,International Jazz Collections,University of Idaho Library,"MG 019,  Box 06, Folder 055",IJC019,LM.0055,http://contentdm.lib.uidaho.edu/hampton_collection/,Black & white photographs,image/jpg,Image;StillImage,"300 dpi, 24-bit depth, color, Epson Expression 1640 XL Scanner, SilverFast (EpsonIT8).8ba (vers. 6.5.5r5), Adobe Photoshop 7.0, Archival Master file is a TIFF","Material determined to be in Public Domain based on date of publication. Material made available by the University of Idaho Library. For more information, please contact University of Idaho Library Special Collections and Archives Department at libspec@uidaho.edu.",https://creativecommons.org/publicdomain/mark/1.0/,eng,Michael Tarabulski,"Kevin Dobbins, Deborah Green",Kevin Dobbins,,Deborah Green and Nathan Bender,,,2008-07-28,2014-10-28,http://digital.lib.uidaho.edu:80/cdm/ref/collection/ijclm/id/67,67,68.jpg,/ijclm/image/68.jpg,ijclm67
Lee Morse as a Young Girl,,,,1905,y,Headshot of Lee Moris as a young giel.,"Morse, Lee, d. 1954",Lee Morse Collection,International Jazz Collections,University of Idaho Library,"MG 019,  Box 06, Folder 056",IJC019,LM.0056,http://contentdm.lib.uidaho.edu/hampton_collection/,Black & white photographs,image/jpg,Image;StillImage,"300 dpi, 24-bit depth, color, Epson Expression 1640 XL Scanner, SilverFast (EpsonIT8).8ba (vers. 6.5.5r5), Adobe Photoshop 7.0, Archival Master file is a TIFF","Material determined to be in Public Domain based on date of publication. Material made available by the University of Idaho Library. For more information, please contact University of Idaho Library Special Collections and Archives Department at libspec@uidaho.edu.",https://creativecommons.org/publicdomain/mark/1.0/,eng,Michael Tarabulski,"Kevin Dobbins, Deborah Green",Kevin Dobbins,,Deborah Green and Nathan Bender,,,2008-07-28,2014-10-28,http://digital.lib.uidaho.edu:80/cdm/ref/collection/ijclm/id/68,68,69.jpg,/ijclm/image/69.jpg,ijclm68
Rosemarie Curley,,,,1931-11-09,,To Lee yours is songs with love  Baby Rosemarie Curley  11/9/31,"Curley, Rosemarie;Morse, Lee, d. 1954",Lee Morse Collection,International Jazz Collections,University of Idaho Library,"MG 019,  Box 06, Folder 057",IJC019,LM.0057,http://contentdm.lib.uidaho.edu/hampton_collection/,Black & white photographs,image/jpg,Image;StillImage,"300 dpi, 24-bit depth, color, Epson Expression 1640 XL Scanner, SilverFast (EpsonIT8).8ba (vers. 6.5.5r5), Adobe Photoshop 7.0, Archival Master file is a TIFF","Educational use includes non-commercial use of text and images in materials for teaching and research purposes. Digital reproduction rights granted by University of Idaho Library. For other uses beyond educational use, please contact University of Idaho Library Special Collections and Archives Department at libspec@uidaho.edu.",http://rightsstatements.org/vocab/InC-EDU/1.0/,eng,Michael Tarabulski,"Kevin Dobbins, Deborah Green",Kevin Dobbins,,Deborah Green and Nathan Bender,,,2008-07-28,2014-10-28,http://digital.lib.uidaho.edu:80/cdm/ref/collection/ijclm/id/69,69,70.jpg,/ijclm/image/70.jpg,ijclm69
"Anne, Judy and Zeke",,,,1932-01,,"To Lee and Bob.  In memory of a pleasant week in Louisville.  Hoping to know you better.  Sincerely, Anne, Judy + Zeke  Jan '32","Morse, Lee, d. 1954",Lee Morse Collection,International Jazz Collections,University of Idaho Library,"MG 019,  Box 06, Folder 058",IJC019,LM.0058,http://contentdm.lib.uidaho.edu/hampton_collection/,Black & white photographs,image/jpg,Image;StillImage,"300 dpi, 24-bit depth, color, Epson Expression 1640 XL Scanner, SilverFast (EpsonIT8).8ba (vers. 6.5.5r5), Adobe Photoshop 7.0, Archival Master file is a TIFF","Educational use includes non-commercial use of text and images in materials for teaching and research purposes. Digital reproduction rights granted by University of Idaho Library. For other uses beyond educational use, please contact University of Idaho Library Special Collections and Archives Department at libspec@uidaho.edu.",http://rightsstatements.org/vocab/InC-EDU/1.0/,eng,Michael Tarabulski,"Kevin Dobbins, Deborah Green",Kevin Dobbins,,Deborah Green and Nathan Bender,,,2008-07-28,2014-10-28,http://digital.lib.uidaho.edu:80/cdm/ref/collection/ijclm/id/70,70,71.jpg,/ijclm/image/71.jpg,ijclm70
Zeke,,,,1930,y,To Lee and Bob.  Two Stomp Down Gooduns.  Wishing you lot's of luck + happiness Always  woe Buck woe.  Zeke,"Morse, Lee, d. 1954",Lee Morse Collection,International Jazz Collections,University of Idaho Library,"MG 019,  Box 06, Folder 059",IJC019,LM.0059,http://contentdm.lib.uidaho.edu/hampton_collection/,Black & white photographs,image/jpg,Image;StillImage,"300 dpi, 24-bit depth, color, Epson Expression 1640 XL Scanner, SilverFast (EpsonIT8).8ba (vers. 6.5.5r5), Adobe Photoshop 7.0, Archival Master file is a TIFF","Educational use includes non-commercial use of text and images in materials for teaching and research purposes. Digital reproduction rights granted by University of Idaho Library. For other uses beyond educational use, please contact University of Idaho Library Special Collections and Archives Department at libspec@uidaho.edu.",http://rightsstatements.org/vocab/InC-EDU/1.0/,eng,Michael Tarabulski,"Kevin Dobbins, Deborah Green",Kevin Dobbins,,Deborah Green and Nathan Bender,,,2008-07-28,2014-10-28,http://digital.lib.uidaho.edu:80/cdm/ref/collection/ijclm/id/71,71,72.jpg,/ijclm/image/72.jpg,ijclm71
Janet,,,,1940,y,"To Lee: My best wishes for your success and happiness.  Love, Janet","Morse, Lee, d. 1954",Lee Morse Collection,International Jazz Collections,University of Idaho Library,"MG 019,  Box 06, Folder 060",IJC019,LM.0060,http://contentdm.lib.uidaho.edu/hampton_collection/,Black & white photographs,image/jpg,Image;StillImage,"300 dpi, 24-bit depth, color, Epson Expression 1640 XL Scanner, SilverFast (EpsonIT8).8ba (vers. 6.5.5r5), Adobe Photoshop 7.0, Archival Master file is a TIFF","Educational use includes non-commercial use of text and images in materials for teaching and research purposes. Digital reproduction rights granted by University of Idaho Library. For other uses beyond educational use, please contact University of Idaho Library Special Collections and Archives Department at libspec@uidaho.edu.",http://rightsstatements.org/vocab/InC-EDU/1.0/,eng,Michael Tarabulski,"Kevin Dobbins, Deborah Green",Kevin Dobbins,,Deborah Green and Nathan Bender,,,2008-07-28,2014-10-28,http://digital.lib.uidaho.edu:80/cdm/ref/collection/ijclm/id/72,72,73.jpg,/ijclm/image/73.jpg,ijclm72
Ed Lowry,,,,1930,y,"To Lee + Bob.  My sincerest wishes and compliments to you both.  Your friend, Ed Lowry","Lowry, Ed;Morse, Lee, d. 1954",Lee Morse Collection,International Jazz Collections,University of Idaho Library,"MG 019,  Box 06, Folder 061",IJC019,LM.0061,http://contentdm.lib.uidaho.edu/hampton_collection/,Black & white photographs,image/jpg,Image;StillImage,"300 dpi, 24-bit depth, color, Epson Expression 1640 XL Scanner, SilverFast (EpsonIT8).8ba (vers. 6.5.5r5), Adobe Photoshop 7.0, Archival Master file is a TIFF","Educational use includes non-commercial use of text and images in materials for teaching and research purposes. Digital reproduction rights granted by University of Idaho Library. For other uses beyond educational use, please contact University of Idaho Library Special Collections and Archives Department at libspec@uidaho.edu.",http://rightsstatements.org/vocab/InC-EDU/1.0/,eng,Michael Tarabulski,"Kevin Dobbins, Deborah Green",Kevin Dobbins,,Deborah Green and Nathan Bender,,,2008-07-28,2014-10-28,http://digital.lib.uidaho.edu:80/cdm/ref/collection/ijclm/id/73,73,74.jpg,/ijclm/image/74.jpg,ijclm73
Jay,,,,1930,y,"My best wishes for ""Lee"" and ""Bob"" but I must confess Lee, I'm jealous of your potato salad.  Mine hung around for days  Jay","Morse, Lee, d. 1954",Lee Morse Collection,International Jazz Collections,University of Idaho Library,"MG 019,  Box 06, Folder 062",IJC019,LM.0062,http://contentdm.lib.uidaho.edu/hampton_collection/,Black & white photographs,image/jpg,Image;StillImage,"300 dpi, 24-bit depth, color, Epson Expression 1640 XL Scanner, SilverFast (EpsonIT8).8ba (vers. 6.5.5r5), Adobe Photoshop 7.0, Archival Master file is a TIFF","Educational use includes non-commercial use of text and images in materials for teaching and research purposes. Digital reproduction rights granted by University of Idaho Library. For other uses beyond educational use, please contact University of Idaho Library Special Collections and Archives Department at libspec@uidaho.edu.",http://rightsstatements.org/vocab/InC-EDU/1.0/,eng,Michael Tarabulski,"Kevin Dobbins, Deborah Green",Kevin Dobbins,,Deborah Green and Nathan Bender,,,2008-07-28,2014-10-28,http://digital.lib.uidaho.edu:80/cdm/ref/collection/ijclm/id/74,74,75.jpg,/ijclm/image/75.jpg,ijclm74
Jack Martin,,,,1936-08-06,,"Mrs. Robbie Peon, Pioneer Palace Inscription reads ""A pleasure to work with such a nice lot of girl""  Jack Martin","Martin, Jack;Morse, Lee, d. 1954",Lee Morse Collection,International Jazz Collections,University of Idaho Library,"MG 019,  Box 06, Folder 063",IJC019,LM.0063,http://contentdm.lib.uidaho.edu/hampton_collection/,Black & white photographs,image/jpg,Image;StillImage,"300 dpi, 24-bit depth, color, Epson Expression 1640 XL Scanner, SilverFast (EpsonIT8).8ba (vers. 6.5.5r5), Adobe Photoshop 7.0, Archival Master file is a TIFF","Educational use includes non-commercial use of text and images in materials for teaching and research purposes. Digital reproduction rights granted by University of Idaho Library. For other uses beyond educational use, please contact University of Idaho Library Special Collections and Archives Department at libspec@uidaho.edu.",http://rightsstatements.org/vocab/InC-EDU/1.0/,eng,Michael Tarabulski,"Kevin Dobbins, Deborah Green",Kevin Dobbins,,Deborah Green and Nathan Bender,,,2008-07-28,2014-10-28,http://digital.lib.uidaho.edu:80/cdm/ref/collection/ijclm/id/75,75,76.jpg,/ijclm/image/76.jpg,ijclm75
To my pals,,,,1930,y,To my pals Lee + Bob,"Morse, Lee, d. 1954",Lee Morse Collection,International Jazz Collections,University of Idaho Library,"MG 019,  Box 06, Folder 064",IJC019,LM.0064,http://contentdm.lib.uidaho.edu/hampton_collection/,Black & white photographs,image/jpg,Image;StillImage,"300 dpi, 24-bit depth, color, Epson Expression 1640 XL Scanner, SilverFast (EpsonIT8).8ba (vers. 6.5.5r5), Adobe Photoshop 7.0, Archival Master file is a TIFF","Educational use includes non-commercial use of text and images in materials for teaching and research purposes. Digital reproduction rights granted by University of Idaho Library. For other uses beyond educational use, please contact University of Idaho Library Special Collections and Archives Department at libspec@uidaho.edu.",http://rightsstatements.org/vocab/InC-EDU/1.0/,eng,Michael Tarabulski,"Kevin Dobbins, Deborah Green",Kevin Dobbins,,Deborah Green and Nathan Bender,,,2008-07-28,2014-10-28,http://digital.lib.uidaho.edu:80/cdm/ref/collection/ijclm/id/76,76,77.jpg,/ijclm/image/77.jpg,ijclm76
To Lee,,,,1940,y,"To Lee, whose disposition is little mine.  Fondly","Morse, Lee, d. 1954",Lee Morse Collection,International Jazz Collections,University of Idaho Library,"MG 019,  Box 06, Folder 065",IJC019,LM.0065,http://contentdm.lib.uidaho.edu/hampton_collection/,Black & white photographs,image/jpg,Image;StillImage,"300 dpi, 24-bit depth, color, Epson Expression 1640 XL Scanner, SilverFast (EpsonIT8).8ba (vers. 6.5.5r5), Adobe Photoshop 7.0, Archival Master file is a TIFF","Educational use includes non-commercial use of text and images in materials for teaching and research purposes. Digital reproduction rights granted by University of Idaho Library. For other uses beyond educational use, please contact University of Idaho Library Special Collections and Archives Department at libspec@uidaho.edu.",http://rightsstatements.org/vocab/InC-EDU/1.0/,eng,Michael Tarabulski,"Kevin Dobbins, Deborah Green",Kevin Dobbins,,Deborah Green and Nathan Bender,,,2008-07-28,2014-10-28,http://digital.lib.uidaho.edu:80/cdm/ref/collection/ijclm/id/77,77,78.jpg,/ijclm/image/78.jpg,ijclm77
Holly,,,,1940,y,Lee Dear  May the happiness you so richly deserve and the things your heart most desires be yours always.  In admiration of your dear self and your wonderful work  Lovingly Holly,"Morse, Lee, d. 1954",Lee Morse Collection,International Jazz Collections,University of Idaho Library,"MG 019,  Box 06, Folder 066",IJC019,LM.0066,http://contentdm.lib.uidaho.edu/hampton_collection/,Black & white photographs,image/jpg,Image;StillImage,"300 dpi, 24-bit depth, color, Epson Expression 1640 XL Scanner, SilverFast (EpsonIT8).8ba (vers. 6.5.5r5), Adobe Photoshop 7.0, Archival Master file is a TIFF","Educational use includes non-commercial use of text and images in materials for teaching and research purposes. Digital reproduction rights granted by University of Idaho Library. For other uses beyond educational use, please contact University of Idaho Library Special Collections and Archives Department at libspec@uidaho.edu.",http://rightsstatements.org/vocab/InC-EDU/1.0/,eng,Michael Tarabulski,"Kevin Dobbins, Deborah Green",Kevin Dobbins,,Deborah Green and Nathan Bender,,,2008-07-28,2014-10-28,http://digital.lib.uidaho.edu:80/cdm/ref/collection/ijclm/id/78,78,79.jpg,/ijclm/image/79.jpg,ijclm78
Annie Hart,,Charles A. Braun,,1930,y,To Lee + Bobby  With Best Love Annie Hart,"Hart, Annie;Morse, Lee, d. 1954",Lee Morse Collection,International Jazz Collections,University of Idaho Library,"MG 019,  Box 06, Folder 067",IJC019,LM.0067,http://contentdm.lib.uidaho.edu/hampton_collection/,Black & white photographs,image/jpg,Image;StillImage,"300 dpi, 24-bit depth, color, Epson Expression 1640 XL Scanner, SilverFast (EpsonIT8).8ba (vers. 6.5.5r5), Adobe Photoshop 7.0, Archival Master file is a TIFF","Educational use includes non-commercial use of text and images in materials for teaching and research purposes. Digital reproduction rights granted by University of Idaho Library. For other uses beyond educational use, please contact University of Idaho Library Special Collections and Archives Department at libspec@uidaho.edu.",http://rightsstatements.org/vocab/InC-EDU/1.0/,eng,Michael Tarabulski,"Kevin Dobbins, Deborah Green",Kevin Dobbins,,Deborah Green and Nathan Bender,,,2008-07-28,2014-10-28,http://digital.lib.uidaho.edu:80/cdm/ref/collection/ijclm/id/79,79,80.jpg,/ijclm/image/80.jpg,ijclm79
Dick Ware,,,,1930,y,To Lee and Bob  you are Two of the sweetest artist I have ever worked with.  Fondest always Dick Ware,"Ware, Dick;Morse, Lee, d. 1954",Lee Morse Collection,International Jazz Collections,University of Idaho Library,"MG 019,  Box 06, Folder 068",IJC019,LM.0068,http://contentdm.lib.uidaho.edu/hampton_collection/,Black & white photographs,image/jpg,Image;StillImage,"300 dpi, 24-bit depth, color, Epson Expression 1640 XL Scanner, SilverFast (EpsonIT8).8ba (vers. 6.5.5r5), Adobe Photoshop 7.0, Archival Master file is a TIFF","Educational use includes non-commercial use of text and images in materials for teaching and research purposes. Digital reproduction rights granted by University of Idaho Library. For other uses beyond educational use, please contact University of Idaho Library Special Collections and Archives Department at libspec@uidaho.edu.",http://rightsstatements.org/vocab/InC-EDU/1.0/,eng,Michael Tarabulski,"Kevin Dobbins, Deborah Green",Kevin Dobbins,,Deborah Green and Nathan Bender,,,2008-07-28,2014-10-28,http://digital.lib.uidaho.edu:80/cdm/ref/collection/ijclm/id/80,80,81.jpg,/ijclm/image/81.jpg,ijclm80
Tom and Ed Hickey,,,,1940,y,To Lena Girl  The truest girl in all the world.  I love you Eddie,"Hickey, Ed;Hickey, Tom;Morse, Lee, d. 1954",Lee Morse Collection,International Jazz Collections,University of Idaho Library,"MG 019,  Box 06, Folder 069",IJC019,LM.0069,http://contentdm.lib.uidaho.edu/hampton_collection/,Black & white photographs,image/jpg,Image;StillImage,"300 dpi, 24-bit depth, color, Epson Expression 1640 XL Scanner, SilverFast (EpsonIT8).8ba (vers. 6.5.5r5), Adobe Photoshop 7.0, Archival Master file is a TIFF","Educational use includes non-commercial use of text and images in materials for teaching and research purposes. Digital reproduction rights granted by University of Idaho Library. For other uses beyond educational use, please contact University of Idaho Library Special Collections and Archives Department at libspec@uidaho.edu.",http://rightsstatements.org/vocab/InC-EDU/1.0/,eng,Michael Tarabulski,"Kevin Dobbins, Deborah Green",Kevin Dobbins,,Deborah Green and Nathan Bender,,,2008-07-28,2014-10-28,http://digital.lib.uidaho.edu:80/cdm/ref/collection/ijclm/id/81,81,82.jpg,/ijclm/image/82.jpg,ijclm81
To Lee Morse,,,,1940,y,To Lee Morse,"Morse, Lee, d. 1954",Lee Morse Collection,International Jazz Collections,University of Idaho Library,"MG 019,  Box 06, Folder 070",IJC019,LM.0070,http://contentdm.lib.uidaho.edu/hampton_collection/,Black & white photographs,image/jpg,Image;StillImage,"300 dpi, 24-bit depth, color, Epson Expression 1640 XL Scanner, SilverFast (EpsonIT8).8ba (vers. 6.5.5r5), Adobe Photoshop 7.0, Archival Master file is a TIFF","Educational use includes non-commercial use of text and images in materials for teaching and research purposes. Digital reproduction rights granted by University of Idaho Library. For other uses beyond educational use, please contact University of Idaho Library Special Collections and Archives Department at libspec@uidaho.edu.",http://rightsstatements.org/vocab/InC-EDU/1.0/,eng,Michael Tarabulski,"Kevin Dobbins, Deborah Green",Kevin Dobbins,,Deborah Green and Nathan Bender,,,2008-07-28,2014-10-28,http://digital.lib.uidaho.edu:80/cdm/ref/collection/ijclm/id/82,82,83.jpg,/ijclm/image/83.jpg,ijclm82
To Lee and Bob,,,,1930,y,To Lee + Bob.,"Morse, Lee, d. 1954",Lee Morse Collection,International Jazz Collections,University of Idaho Library,"MG 019,  Box 06, Folder 071",IJC019,LM.0071,http://contentdm.lib.uidaho.edu/hampton_collection/,Black & white photographs,image/jpg,Image;StillImage,"300 dpi, 24-bit depth, color, Epson Expression 1640 XL Scanner, SilverFast (EpsonIT8).8ba (vers. 6.5.5r5), Adobe Photoshop 7.0, Archival Master file is a TIFF","Educational use includes non-commercial use of text and images in materials for teaching and research purposes. Digital reproduction rights granted by University of Idaho Library. For other uses beyond educational use, please contact University of Idaho Library Special Collections and Archives Department at libspec@uidaho.edu.",http://rightsstatements.org/vocab/InC-EDU/1.0/,eng,Michael Tarabulski,"Kevin Dobbins, Deborah Green",Kevin Dobbins,,Deborah Green and Nathan Bender,,,2008-07-28,2014-10-28,http://digital.lib.uidaho.edu:80/cdm/ref/collection/ijclm/id/83,83,84.jpg,/ijclm/image/84.jpg,ijclm83
Rawoy,,,,1930,y,Bob Downey  Just a good friend.  Rawoy  London,"Morse, Lee, d. 1954",Lee Morse Collection,International Jazz Collections,University of Idaho Library,"MG 019,  Box 06, Folder 072",IJC019,LM.0072,http://contentdm.lib.uidaho.edu/hampton_collection/,Black & white photographs,image/jpg,Image;StillImage,"300 dpi, 24-bit depth, color, Epson Expression 1640 XL Scanner, SilverFast (EpsonIT8).8ba (vers. 6.5.5r5), Adobe Photoshop 7.0, Archival Master file is a TIFF","Educational use includes non-commercial use of text and images in materials for teaching and research purposes. Digital reproduction rights granted by University of Idaho Library. For other uses beyond educational use, please contact University of Idaho Library Special Collections and Archives Department at libspec@uidaho.edu.",http://rightsstatements.org/vocab/InC-EDU/1.0/,eng,Michael Tarabulski,"Kevin Dobbins, Deborah Green",Kevin Dobbins,,Deborah Green and Nathan Bender,,,2008-07-28,2014-10-28,http://digital.lib.uidaho.edu:80/cdm/ref/collection/ijclm/id/84,84,85.jpg,/ijclm/image/85.jpg,ijclm84
Lee Morse Cover,,,Mitchell-Strand,1930,y,"Cover with Lee Morse sitting with a guitar. Title reads ""Miss Lee Morse Southern Aristocrat of Song.""","Morse, Lee, d. 1954",Lee Morse Collection,International Jazz Collections,University of Idaho Library,"MG 019,  Box 06, Folder 073",IJC019,LM.0073,http://contentdm.lib.uidaho.edu/hampton_collection/,Black & white drawing,image/jpg,Image;StillImage,"300 dpi, 24-bit depth, color, Epson Expression 1640 XL Scanner, SilverFast (EpsonIT8).8ba (vers. 6.5.5r5), Adobe Photoshop 7.0, Archival Master file is a TIFF","Educational use includes non-commercial use of text and images in materials for teaching and research purposes. Digital reproduction rights granted by University of Idaho Library. For other uses beyond educational use, please contact University of Idaho Library Special Collections and Archives Department at libspec@uidaho.edu.",http://rightsstatements.org/vocab/InC-EDU/1.0/,eng,Michael Tarabulski,"Kevin Dobbins, Deborah Green",Kevin Dobbins,,Deborah Green and Nathan Bender,,,2008-07-28,2014-10-28,http://digital.lib.uidaho.edu:80/cdm/ref/collection/ijclm/id/85,85,86.jpg,/ijclm/image/86.jpg,ijclm85
Lee Morse Drawing,,,,1930,y,Artistic rendering of Lee Morse in color.,"Morse, Lee, d. 1954",Lee Morse Collection,International Jazz Collections,University of Idaho Library,"MG 019,  Box 06, Folder 074",IJC019,LM.0074,http://contentdm.lib.uidaho.edu/hampton_collection/,Color charcoal drawing,image/jpg,Image;StillImage,"300 dpi, 24-bit depth, color, Epson Expression 1640 XL Scanner, SilverFast (EpsonIT8).8ba (vers. 6.5.5r5), Adobe Photoshop 7.0, Archival Master file is a TIFF","Educational use includes non-commercial use of text and images in materials for teaching and research purposes. Digital reproduction rights granted by University of Idaho Library. For other uses beyond educational use, please contact University of Idaho Library Special Collections and Archives Department at libspec@uidaho.edu.",http://rightsstatements.org/vocab/InC-EDU/1.0/,eng,Michael Tarabulski,"Kevin Dobbins, Deborah Green",Kevin Dobbins,,Deborah Green and Nathan Bender,,,2008-07-28,2014-10-28,http://digital.lib.uidaho.edu:80/cdm/ref/collection/ijclm/id/86,86,87.jpg,/ijclm/image/87.jpg,ijclm86
Sweet Man,,Lee Morse,"Perfect Record Company, Brooklyn, N.Y.",1925-08,,Star Series Perfect.  [side 1] I'se Gwine Back to Dixie [side 2].,"78-rpm records;Morse, Lee, d. 1954 ;Blue Grass Boys (Musical group : Lee Morse)",Lee Morse Collection,International Jazz Collections,University of Idaho Library,"MG019, Box 1, Folder 34",,Per11591,http://www.ijc.uidaho.edu/morse_lee.html,Album covers,image/jpg,Image;StillImage,"150 dpi, 24-bit depth, color, Epson Expression 1640 XL Scanner, Epson TWAIN Pro, Adobe Photoshop 7.0, Archival Master file is a TIFF","Educational use includes non-commercial use of text and images in materials for teaching and research purposes. Digital reproduction rights granted by University of Idaho Library. For other uses beyond educational use, please contact University of Idaho Library Special Collections and Archives Department at libspec@uidaho.edu.",http://rightsstatements.org/vocab/InC-EDU/1.0/,eng,Michael Tarabulski and Deborah Green,Kevin Dobbins,,,Deborah Green and Nathan Bender,,,2014-10-28,2014-10-28,http://digital.lib.uidaho.edu:80/cdm/ref/collection/ijclm/id/89,89,90.cpd,/ijclm/image/90.cpd,ijclm89
I'm For You a Hundred Per Cent,,Lee Morse,"Columbia Phonograph Compny, Inc., New York",1927-12-09,,Viva-tonal Recording; Electrical Process. [side 1] Call Me Darling [side 2].,"78-rpm records;Morse, Lee, d. 1954 ;Blue Grass Boys (Musical group : Lee Morse)",Lee Morse Collection,International Jazz Collections,University of Idaho Library,"MG019, Box 1, Folder 8",,Col 2564,http://www.ijc.uidaho.edu/morse_lee.html,Album covers,image/jpg,Image;StillImage,"150 dpi, 24-bit depth, color, Epson Expression 1640 XL Scanner, Epson TWAIN Pro, Adobe Photoshop 7.0, Archival Master file is a TIFF","Educational use includes non-commercial use of text and images in materials for teaching and research purposes. Digital reproduction rights granted by University of Idaho Library. For other uses beyond educational use, please contact University of Idaho Library Special Collections and Archives Department at libspec@uidaho.edu.",http://rightsstatements.org/vocab/InC-EDU/1.0/,eng,Michael Tarabulski and Deborah Green,Kevin Dobbins,,,Deborah Green and Nathan Bender,,,2014-10-28,2014-10-28,http://digital.lib.uidaho.edu:80/cdm/ref/collection/ijclm/id/92,92,93.cpd,/ijclm/image/93.cpd,ijclm92
What Do I Care What Somebody Said,,Lee Morse,"Columbia Phonograph Compny, Inc., New York",1927-03-17,,Viva-tonal Recording; Electrical Process.  [side 1] I Hate to Say Goodbye [side 2].,"78-rpm records;Morse, Lee, d. 1954",Lee Morse Collection,International Jazz Collections,University of Idaho Library,"MG019, Box 1, Folder 3",,Cola 1063,http://www.ijc.uidaho.edu/morse_lee.html,Album covers,image/jpg,Image;StillImage,"150 dpi, 24-bit depth, color, Epson Expression 1640 XL Scanner, Epson TWAIN Pro, Adobe Photoshop 7.0, Archival Master file is a TIFF","Educational use includes non-commercial use of text and images in materials for teaching and research purposes. Digital reproduction rights granted by University of Idaho Library. For other uses beyond educational use, please contact University of Idaho Library Special Collections and Archives Department at libspec@uidaho.edu.",http://rightsstatements.org/vocab/InC-EDU/1.0/,eng,Michael Tarabulski and Deborah Green,Kevin Dobbins,,,Deborah Green and Nathan Bender,,,2014-10-28,2014-10-28,http://digital.lib.uidaho.edu:80/cdm/ref/collection/ijclm/id/95,95,96.cpd,/ijclm/image/96.cpd,ijclm95
Keep Sweeping Cobwebs off the Moon,,Lee Morse,"Columbia Phonograph Compny, Inc., New York",1927-12-09,,Viva-tonal Recording; Electrical Process.  [side 1] Give Me a Good Night Kiss [side 2].,"78-rpm records;Morse, Lee, d. 1954",Lee Morse Collection,International Jazz Collections,University of Idaho Library,"MG019, Box 1, Folder 1",,Col 1276,http://www.ijc.uidaho.edu/morse_lee.html,Album covers,image/jpg,Image;StillImage,"150 dpi, 24-bit depth, color, Epson Expression 1640 XL Scanner, Epson TWAIN Pro, Adobe Photoshop 7.0, Archival Master file is a TIFF","Educational use includes non-commercial use of text and images in materials for teaching and research purposes. Digital reproduction rights granted by University of Idaho Library. For other uses beyond educational use, please contact University of Idaho Library Special Collections and Archives Department at libspec@uidaho.edu.",http://rightsstatements.org/vocab/InC-EDU/1.0/,eng,Michael Tarabulski and Deborah Green,Kevin Dobbins,,,Deborah Green and Nathan Bender,,,2014-10-28,2014-10-28,http://digital.lib.uidaho.edu:80/cdm/ref/collection/ijclm/id/98,98,99.cpd,/ijclm/image/99.cpd,ijclm98
Moonlight on The River,,Lee Morse,"Columbia Phonograph Company, Inc., New York",1932-08-26,,[side 1] Something in the Night [side 2].,"78-rpm records;Morse, Lee, d. 1954",Lee Morse Collection,International Jazz Collections,University of Idaho Library,"MG019, Box 1, Folder 11",IJC019,Col 2705,http://www.ijc.uidaho.edu/morse_lee.html,Album covers,image/jpg,Image;StillImage,"150 dpi, 24-bit depth, color, Epson Expression 1640 XL Scanner, Epson TWAIN Pro, Adobe Photoshop 7.0, Archival Master file is a TIFF","Educational use includes non-commercial use of text and images in materials for teaching and research purposes. Digital reproduction rights granted by University of Idaho Library. For other uses beyond educational use, please contact University of Idaho Library Special Collections and Archives Department at libspec@uidaho.edu.",http://rightsstatements.org/vocab/InC-EDU/1.0/,eng,Michael Tarabulski and Deborah Green,Kevin Dobbins,,,Deborah Green and Nathan Bender,,,2014-10-28,2014-10-28,http://digital.lib.uidaho.edu:80/cdm/ref/collection/ijclm/id/101,101,102.cpd,/ijclm/image/102.cpd,ijclm101
All Alone,,Lee Morse,"Perfect Record Company, Brooklyn, N.Y.",1924-12,,Perfect.  [side 1] Lee's Lullaby [side 2].,"78-rpm records;Morse, Lee, d. 1954",Lee Morse Collection,International Jazz Collections,University of Idaho Library,"MG019, Box 1, Folder 37",IJC019,Per 12181,http://www.ijc.uidaho.edu/morse_lee.html,Album covers,image/jpg,Image;StillImage,"150 dpi, 24-bit depth, color, Epson Expression 1640 XL Scanner, Epson TWAIN Pro, Adobe Photoshop 7.0, Archival Master file is a TIFF","Educational use includes non-commercial use of text and images in materials for teaching and research purposes. Digital reproduction rights granted by University of Idaho Library. For other uses beyond educational use, please contact University of Idaho Library Special Collections and Archives Department at libspec@uidaho.edu.",http://rightsstatements.org/vocab/InC-EDU/1.0/,eng,Michael Tarabulski and Deborah Green,Kevin Dobbins,,,Deborah Green and Nathan Bender,,,2014-10-28,2014-10-28,http://digital.lib.uidaho.edu:80/cdm/ref/collection/ijclm/id/104,104,105.cpd,/ijclm/image/105.cpd,ijclm104
I Ain't Got Nobody to Love,,Lee Morse,"Perfect Record Company, Brooklyn, N.Y.",1924-12,,Perfect. [side 1] Telling Eyes [side 2].,"78-rpm records;Morse, Lee, d. 1954 ;Blue Grass Boys (Musical group : Lee Morse)",Lee Morse Collection,International Jazz Collections,University of Idaho Library,"MG019, Box 1, Folder 19",IJC019,Per 12186,http://www.ijc.uidaho.edu/morse_lee.html,Album covers,image/jpg,Image;StillImage,"150 dpi, 24-bit depth, color, Epson Expression 1640 XL Scanner, Epson TWAIN Pro, Adobe Photoshop 7.0, Archival Master file is a TIFF","Educational use includes non-commercial use of text and images in materials for teaching and research purposes. Digital reproduction rights granted by University of Idaho Library. For other uses beyond educational use, please contact University of Idaho Library Special Collections and Archives Department at libspec@uidaho.edu.",http://rightsstatements.org/vocab/InC-EDU/1.0/,eng,Michael Tarabulski and Deborah Green,Kevin Dobbins,,,Deborah Green and Nathan Bender,,,2014-10-28,2014-10-28,http://digital.lib.uidaho.edu:80/cdm/ref/collection/ijclm/id/107,107,108.cpd,/ijclm/image/108.cpd,ijclm107
My Old Kentucky Home,,Lee Morse,"Perfect Record Company, Brooklyn, N.Y.",1925-09,,Star Series Perfect. [side 1] Old Folks at Home [side 2].,"78-rpm records;Morse, Lee, d. 1954",Lee Morse Collection,International Jazz Collections,University of Idaho Library,"MG019, Box 1, Folder 35",IJC019,Per 11600,http://www.ijc.uidaho.edu/morse_lee.html,Album covers,image/jpg,Image;StillImage,"150 dpi, 24-bit depth, color, Epson Expression 1640 XL Scanner, Epson TWAIN Pro, Adobe Photoshop 7.0, Archival Master file is a TIFF","Educational use includes non-commercial use of text and images in materials for teaching and research purposes. Digital reproduction rights granted by University of Idaho Library. For other uses beyond educational use, please contact University of Idaho Library Special Collections and Archives Department at libspec@uidaho.edu.",http://rightsstatements.org/vocab/InC-EDU/1.0/,eng,Michael Tarabulski and Deborah Green,Kevin Dobbins,,,Deborah Green and Nathan Bender,,,2014-10-28,2014-10-28,http://digital.lib.uidaho.edu:80/cdm/ref/collection/ijclm/id/110,110,111.cpd,/ijclm/image/111.cpd,ijclm110
I'm Thru with Love,No Quiero Saber mas De Amor [side 1] Seamos Amigos [side 2],Lee Morse,"Perfect Record Company, Brooklyn, N.Y.",1931-06-03,,Viva-tonal Recording; Electrical Process.  [side 1] Let's Get Friendly [side 2].,"78-rpm records;Morse, Lee, d. 1954 ;Blue Grass Boys (Musical group : Lee Morse)",Lee Morse Collection,International Jazz Collections,University of Idaho Library,"MG019, Box 1, Folder 10",IJC019,Col 2474,http://www.ijc.uidaho.edu/morse_lee.html,Album covers,image/jpg,Image;StillImage,"150 dpi, 24-bit depth, color, Epson Expression 1640 XL Scanner, Epson TWAIN Pro, Adobe Photoshop 7.0, Archival Master file is a TIFF","Educational use includes non-commercial use of text and images in materials for teaching and research purposes. Digital reproduction rights granted by University of Idaho Library. For other uses beyond educational use, please contact University of Idaho Library Special Collections and Archives Department at libspec@uidaho.edu.",http://rightsstatements.org/vocab/InC-EDU/1.0/,eng,Michael Tarabulski and Deborah Green,Kevin Dobbins,,,Deborah Green and Nathan Bender,,,2014-10-28,2014-10-28,http://digital.lib.uidaho.edu:80/cdm/ref/collection/ijclm/id/113,113,114.cpd,/ijclm/image/114.cpd,ijclm113
Everybody Loves My Baby but My Baby Don't Love Nobody but Me,,Lee Morse,"Perfect Record Company, Brooklyn, N.Y.",1924-11,,Perfect. [side 1] Better Shoot Straight with Your Mamma [side 2].,"78-rpm records;Morse, Lee, d. 1954 ;Blue Grass Boys (Musical group : Lee Morse)",Lee Morse Collection,International Jazz Collections,University of Idaho Library,"MG019, Box 1, Folder 22",IJC019,Per 12180,http://www.ijc.uidaho.edu/morse_lee.html,Album covers,image/jpg,Image;StillImage,"150 dpi, 24-bit depth, color, Epson Expression 1640 XL Scanner, Epson TWAIN Pro, Adobe Photoshop 7.0, Archival Master file is a TIFF","Educational use includes non-commercial use of text and images in materials for teaching and research purposes. Digital reproduction rights granted by University of Idaho Library. For other uses beyond educational use, please contact University of Idaho Library Special Collections and Archives Department at libspec@uidaho.edu.",http://rightsstatements.org/vocab/InC-EDU/1.0/,eng,Michael Tarabulski and Deborah Green,Kevin Dobbins,,,Deborah Green and Nathan Bender,,,2014-10-28,2014-10-28,http://digital.lib.uidaho.edu:80/cdm/ref/collection/ijclm/id/116,116,117.cpd,/ijclm/image/117.cpd,ijclm116
Don't Try to Cry Your Way Back to Me,,Lee Morse,"Perfect Record Company, Brooklyn, N.Y.",1925-03,,Perfect.  [side 1] A Miss in Mississippi [side 2].,"78-rpm records;Morse, Lee, d. 1954 ;Blue Grass Boys (Musical group : Lee Morse)",Lee Morse Collection,International Jazz Collections,University of Idaho Library,"MG019, Box 1, Folder 30",IJC019,Per 12197,http://www.ijc.uidaho.edu/morse_lee.html,Album covers,image/jpg,Image;StillImage,"150 dpi, 24-bit depth, color, Epson Expression 1640 XL Scanner, Epson TWAIN Pro, Adobe Photoshop 7.0, Archival Master file is a TIFF","Educational use includes non-commercial use of text and images in materials for teaching and research purposes. Digital reproduction rights granted by University of Idaho Library. For other uses beyond educational use, please contact University of Idaho Library Special Collections and Archives Department at libspec@uidaho.edu.",http://rightsstatements.org/vocab/InC-EDU/1.0/,eng,Michael Tarabulski and Deborah Green,Kevin Dobbins,,,Deborah Green and Nathan Bender,,,2014-10-28,2014-10-28,http://digital.lib.uidaho.edu:80/cdm/ref/collection/ijclm/id/119,119,120.cpd,/ijclm/image/120.cpd,ijclm119